id,nombre,email,telefono,empresa,ciudad,industria,plan,mensajes_por_dia,docs_subidos,pregunta_top,containment_rate
1,Soledad Luz Montemayor Miranda,elenareyes@example.org,556.589.7555,Quintanilla y Asociados,Lima,inmobiliaria,free,323,5,Expresión siete hermano grupo escuela hora tierra cuba local.,0.74
2,Fernando Octavio Sáenz,ortizpatricia@example.com,1-775-138-0184,Grupo Vaca y Pichardo,Santiago,ecommerce,paid,185,12,Lenguaje centros luz camino trabajadores costa cine.,0.69
3,Cecilia Vanessa Bedoya Galindo,andersonposada@example.com,+89(4)8974411935,Posada-Agudelo,Lima,educacion,free,185,9,Interés claro reforma e especial fecha quiere mucho aquel mañana tierra junto.,0.85
4,Uriel Curiel Parra,yinaforero@example.com,(+57)3151918947,Calderón-Rodríguez,Lima,banca,free,363,13,Ex suscipit amet molestias quo minus molestias sed molestiae voluptatum in distinctio sit.,0.5
5,Armando Polanco,juan04@example.org,891.446.3407x007,Díaz Ltd,Santiago,ecommerce,free,377,3,Grado durante crisis realizar presente estamos cabo personal.,0.84
6,Graciela Garibay Abrego,herreraandrea@example.com,573062306981,Miramontes y Carranza S.A. de C.V.,Santiago,ecommerce,free,238,3,Optio eaque possimus odio suscipit cumque.,0.92
7,Katerine Guerrero Jiménez,victormata@example.org,329 799 05 68,Galindo-Barrera y Asociados,Buenos Aires,educacion,free,376,14,Pablo programas hoy siglo tiene miedo santa educación comunidad.,0.65
8,Salma María Elena Domínguez,echeverriaarturo@example.net,470-109-1382x4364,Muñoz Inc,Buenos Aires,ecommerce,free,105,6,Magni quibusdam repudiandae reiciendis eos corrupti ea deleniti asperiores sunt quas quam repellendus.,0.94
9,Anel Tamez,phenriquez@example.org,(334)717-2794x7484,García-Morales,Lima,ecommerce,paid,240,4,Eaque consequuntur dolore maxime inventore sed quisquam.,0.52
10,Jesús Luis Bedoya Caicedo,ysuarez@example.com,+57 309 831 80 47,Padilla PLC,Bogotá,ecommerce,free,83,5,Todavía amor n historia militares mejor mundo jamás aun entonces que vista zona.,0.91
11,Doris Esperanza Figueroa Ordóñez,indirapuga@example.net,3285668097,Salazar PLC,Ciudad de México,ecommerce,free,30,18,Habla acto datos embargo último pequeño.,0.94
12,Bernardo César Cerón,diego64@example.org,310 142 62 88,Laboratorios Pichardo-Cisneros,Lima,clinica,paid,148,16,Van peor padre cara principio nacional varios autor poner programas asimismo señaló.,0.78
13,Carlos Mercado Rivera,davidruiz@example.org,928 07 00,Sánchez-Barrera,Buenos Aires,clinica,free,260,9,Quis cumque quae illum aliquam voluptatibus.,0.65
14,Daniel Hernández,patriciatorres@example.net,(607)948-4756x549,Gallegos y Zaragoza A.C.,Lima,banca,paid,430,11,Beatae aspernatur aspernatur aspernatur earum molestias ex accusantium tenetur.,0.75
15,Angie Rivera Arrieta,carolinarodriguez@example.com,388.530.9850,Corporacin León y Quezada,Buenos Aires,ecommerce,free,119,13,Fondo cerca grupo medios hizo productos rosa.,0.72
16,Carol Diana Ramírez Quintero,camilo31@example.org,00880118122,Zapata Inc,Santiago,ecommerce,free,105,12,Que pasa por estaba eso social club humanos como llega.,0.55
17,Diana Vanesa Rangel,leivalucia@example.com,689.057.3301x589,Tafoya-Murillo,Lima,educacion,free,373,4,Maxime minima iure voluptates cupiditate dolorum nulla necessitatibus at quae fugit.,0.85
18,Dr. Enrique Rojas,federicotoledo@example.com,6047694297,Arenas-Griego A.C.,Santiago,ecommerce,free,239,6,Nemo vero deleniti ab quidem cum reprehenderit accusamus molestias dolore voluptas dolor illum.,0.47
19,Mateo de la Rosa,calderonfanny@example.net,(+57) 602 151 09 38,Blanco-Reyes,Ciudad de México,banca,free,27,4,Atque vitae aliquid rem minima explicabo.,0.49
20,Sergio Jacobo de la Fuente,xlara@example.net,573022083363,Porras-Negrón,Buenos Aires,clinica,free,375,6,Nobis recusandae ut nobis animi veniam minima soluta porro quod blanditiis.,0.81
21,Jorge Cuéllar Parra,abelguardado@example.net,01 8008 040 936,Bustamante-Olmos S. R.L. de C.V.,Santiago,banca,free,253,6,Molestiae sequi reprehenderit quidem culpa id.,0.51
22,Alexander Murillo,caridadcazares@example.org,264-293-5740x975,Corporacin Saldaña y Salcido,Buenos Aires,inmobiliaria,paid,48,12,Toda aquella puerto ni personal diversas importantes industria unas derechos maría visita.,0.89
23,Débora Méndez,zapataalberto@example.net,(+57) 601 619 96 48,Valencia S.A. de C.V.,Lima,clinica,paid,493,8,Aspernatur aut doloribus maxime beatae architecto aliquam ducimus.,0.67
24,Leonor Carolina Quintero Pacheco,mariasalazar@example.com,+573064918469,"Puente, Ávila y García",Buenos Aires,educacion,free,281,7,Pariatur explicabo magni accusamus totam eius inventore quam suscipit explicabo.,0.62
25,Jacobo Germán Ramos del Río,lmeza@example.org,1-510-829-0128,Despacho Haro-Raya,Buenos Aires,ecommerce,free,26,20,Consectetur fugiat sit harum earum fugit magni quidem odio.,0.76
26,Srita. Sara Prieto,yrojas@example.org,162-612-5442x99104,Barrios-Pinto,Bogotá,banca,free,109,18,Dolorem perspiciatis necessitatibus necessitatibus occaecati mollitia laudantium.,0.75
27,Lic. Leticia Trujillo,david76@example.com,321-022-5172x9982,Benítez Ltd,Buenos Aires,banca,free,226,12,Jamás diciembre julio visto cuanto secretario.,0.5
28,Camilo Flórez Herrera,eduardonavarro@example.net,57 324 945 99 86,Núñez y Villaseñor S. R.L. de C.V.,Buenos Aires,banca,free,51,17,Ex repudiandae dignissimos repellat odio natus reprehenderit debitis.,0.92
29,Hernán Lira,fmantilla@example.com,(+57)3215308301,Almonte y Calvillo y Asociados,Lima,educacion,paid,120,3,Omnis earum reiciendis aliquam sit blanditiis eveniet odit architecto impedit velit fuga dolorum.,0.9
30,Benjamín Hurtado Alcántar,adalberto75@example.org,573224594309,Cabrera-Morales,Lima,inmobiliaria,paid,388,15,Aliquam commodi ad quaerat accusantium voluptates voluptates.,0.51
31,Margarita Eva Sisneros Bustamante,polivares@example.net,726.826.6520x36998,Soto-Gómez,Bogotá,educacion,paid,120,3,Elementos miguel sin pronto actividad demasiado sentido resultados sentido sin.,0.85
32,Uriel Rodríquez,uriel14@example.org,3090037778,Alarcón LLC,Ciudad de México,ecommerce,free,89,13,Vitae recusandae nisi impedit ullam veritatis officia sunt reprehenderit hic excepturi iure.,0.57
33,Cristian Andrés Delgado,ybarreto@example.net,1-910-715-6580,"Ceballos, Loaiza and Galeano",Ciudad de México,ecommerce,free,121,3,Quasi enim voluptates id totam id adipisci esse inventore.,0.57
34,Ing. Mónica Rendón,mariamena@example.org,(760)135-7785,Hinojosa-Acosta,Bogotá,clinica,free,350,7,Sector estudio pudo julio color mesa formas comisión.,0.81
35,Mercedes Pabón Laboy,silvialozano@example.org,062.496.2590,"Laboratorios Beltrán, Anguiano y Salazar",Bogotá,inmobiliaria,free,189,13,Reforma la vida tampoco gobierno dar ocasiones.,0.7
36,Manuel Luis Castro,omojica@example.org,+573256364331,Industrias Mora y Roldán,Santiago,inmobiliaria,free,477,15,Animi placeat distinctio aspernatur nam error expedita.,0.66
37,Juana Cortés Ocampo,beatriz45@example.org,+57 327 558 88 33,Batista S.A. de C.V.,Bogotá,banca,free,493,9,Igual mal juicio cuales interés felipe señaló conseguir.,0.74
38,Carlos Esparza Negrón,arteagarenato@example.org,(488)362-8017x98974,Yáñez A.C.,Ciudad de México,educacion,free,368,15,Partido propios d ambiente blanca tiempos especialmente médico medidas condiciones.,0.82
39,Teodoro Augusto Carrasco,soniabarreto@example.org,(496)933-9628x288,"Ojeda, Murcia and Ayala",Lima,clinica,free,396,13,Sed quo dolore aspernatur reiciendis magnam aliquam nobis.,0.69
40,Modesto Tomás del Río Espinoza,nestor84@example.net,576025441530,Reyes-Ramírez,Lima,clinica,free,218,3,Labore provident repellat quibusdam illo facere debitis nemo sit reprehenderit at similique sequi.,0.75
41,Andrés Villalobos Quintana,aarevalo@example.org,573164018029,de Anda-León e Hijos,Buenos Aires,ecommerce,free,195,10,Accusantium repellat animi totam itaque animi amet veniam ut a sequi nesciunt quidem.,0.48
42,Jaime Andrés Duque,ricardovargas@example.net,347-408-6886x313,Narváez-Montenegro,Santiago,banca,free,401,14,Fuga neque laborum quas tenetur quam.,0.84
43,Lic. Israel Noriega,nabrego@example.net,+33(8)5863973251,Ortega PLC,Bogotá,educacion,paid,240,19,Encuentra razones militar partido qué importantes.,0.9
44,Gerardo Limón,qpacheco@example.com,57 327 990 53 97,Laboratorios Olivárez y Concepción,Ciudad de México,clinica,free,287,8,Dolores nobis accusantium et illo modi aspernatur sed.,0.82
45,Lic. Teodoro Jaime,sanchezjuan@example.org,(614)545-6935,Macías-Zepeda,Buenos Aires,ecommerce,free,388,2,Rem ipsa distinctio maiores mollitia nesciunt aut unde aspernatur vel.,0.72
46,Lic. Silvano Quiroz,adrianameraz@example.net,272.430.6872,Industrias de la Crúz y Luna,Buenos Aires,ecommerce,paid,332,10,Nivel proyecto puedo precisamente luis haber suelo nuestras.,0.77
47,Armando Pérez,yrodriguez@example.net,+57 309 290 85 50,Laboratorios Casárez-Melgar,Ciudad de México,inmobiliaria,free,8,9,Voluptas accusantium quae architecto distinctio libero maxime quis rerum sed eveniet blanditiis maiores.,0.51
48,Pascual Andrés Urrutia,velalourdes@example.org,325 690 41 47,"Rojas, Muñoz and Bautista",Bogotá,educacion,paid,309,1,Importantes grandes méxico ejército conocimiento estuvo ve grandes.,0.9
49,Paola Castrillón,ivan52@example.net,+57 309 997 55 45,Garcés-Restrepo,Bogotá,clinica,free,262,5,Neque dolorem ut nobis adipisci suscipit aut dolorum.,0.94
50,Lic. Aurelio Benítez,acabrera@example.org,+576049606844,Osorio-García,Buenos Aires,ecommerce,free,172,5,Impedit recusandae sit eaque veniam accusamus consequatur.,0.53
51,Srita. Leticia Perales,alfonso61@example.org,09239642490,Torres LLC,Ciudad de México,ecommerce,free,44,11,Tenetur facilis molestiae magni eius vero facere omnis asperiores sunt.,0.65
52,Cornelio Cortez Laureano,cecilia72@example.net,1-726-372-7349x2573,"Almonte, Salcido y Saavedra",Buenos Aires,ecommerce,free,462,13,Eaque laboriosam impedit id voluptatem et facilis quidem doloremque ex occaecati.,0.65
53,Iván Peña Rodríguez,aguilarjulian@example.org,1-153-311-3334x435,"Vallejo, Rascón y Urbina",Santiago,clinica,free,40,19,Mes partir habría especial primero hora.,0.5
54,Rubén Ríos,cpacheco@example.org,+57 311 559 10 68,"Carvajal, Jiménez and Amaya",Lima,ecommerce,paid,127,12,Comenzó lleva fiscal carácter punto aquel muy.,0.87
55,Darío Alejandro Pacheco,guillermina72@example.org,576016105239,Casárez-Nava,Buenos Aires,ecommerce,free,106,2,Inventore aperiam laboriosam voluptatem temporibus natus architecto recusandae quibusdam rem pariatur.,0.51
56,Viviana Adriana Rubio Rojas,jesuspabon@example.org,(+57) 318 855 26 23,Navarrete-Armenta,Lima,educacion,free,122,13,Molestiae ullam earum unde sunt nisi natus nobis eveniet ullam modi omnis occaecati quo.,0.91
57,Guillermina Sandra Alcaraz,yulieth07@example.net,1-870-884-9843,Salazar PLC,Buenos Aires,educacion,paid,258,9,Fuerte esto miguel datos zona tal siguiente entrada pp ellos.,0.72
58,Ing. Ana Luisa Alejandro,marcos72@example.com,295-637-6739,"Despacho Villarreal, Tapia y Longoria",Ciudad de México,ecommerce,free,290,6,Presidente público plan acuerdo sí con dar negro tener europa nos.,0.75
59,Pablo José Torres,marco-antoniomiramontes@example.com,991.686.5537,Bedoya-Salamanca,Bogotá,clinica,free,83,5,Tarde profesional tiempos vio tipo película general tampoco posible.,0.58
60,Ing. Silvano Riojas,adalbertovaldes@example.com,(661)594-9159x984,Escamilla-Ybarra y Asociados,Bogotá,inmobiliaria,free,371,18,Socialista grupo línea edad aspecto m juicio suerte.,0.82
61,Ibeth Vega Acosta,ypalomino@example.net,(826)289-1059x673,"Velásquez, García and Burbano",Buenos Aires,clinica,paid,479,19,Repellendus quo mollitia eaque repellendus aliquam error rem labore eveniet enim dolorem.,0.63
62,Roberto Jaramillo Vergara,jaime87@example.com,997-052-6992x0577,Chapa-Anaya S.A. de C.V.,Buenos Aires,clinica,free,463,14,Zonas expresión noche incluso tarde pablo desde bastante particular aire presencia orden vamos.,0.71
63,Doris Ariza,sarmientomonica@example.com,6039547744,Briseño-Villagómez e Hijos,Buenos Aires,ecommerce,free,326,11,Provident perferendis vitae eaque necessitatibus labore earum accusantium.,0.76
64,Ángela León Toro,rene86@example.net,123-077-4251x2611,Reynoso-Villareal,Buenos Aires,inmobiliaria,paid,300,5,Igual oficial unidad pp ministerio hoy línea términos policía mes tres.,0.74
65,Gabriel Jiménez Rojas,lermafederico@example.com,+57 603 862 54 57,Ocasio-Angulo y Asociados,Buenos Aires,educacion,free,219,6,Aspernatur amet quibusdam aliquam vero sequi similique laudantium excepturi.,0.94
66,Araceli Huerta Cortez,rolando09@example.net,8335104,Alcala y Ulibarri S.C.,Lima,ecommerce,free,256,16,Marco grande reunión pública europa diferencia ella instituciones baja varios debido país.,0.78
67,Albeiro Oswaldo Cortés,cristian03@example.org,1-280-607-3570x84015,Pedraza-González,Bogotá,clinica,free,346,6,Ad corrupti voluptatibus alias ducimus culpa rem debitis et officia.,0.65
68,Estela Zambrano,kestrada@example.net,57 608 996 78 15,Colón y Hidalgo y Asociados,Santiago,educacion,free,143,16,Importante expresión puesto semanas podrá alto flores mucha efecto crisis.,0.57
69,Alejandra Lourdes Ojeda Gollum,gamezvanesa@example.org,858.072.0573,Molano-Velasco,Bogotá,banca,free,299,8,Plan diario ve grupo servicio opinión.,0.95
70,Leonardo Morales Bohórquez,mariadiaz@example.com,601-298-7881,Rodríguez Group,Buenos Aires,banca,free,484,16,Consectetur velit quibusdam reiciendis molestiae odio praesentium laboriosam quasi sit expedita.,0.76
71,Sr. Eric Esparza,alvaradohernan@example.org,(+57) 304 058 78 25,"Caicedo, Montoya and Guzmán",Lima,inmobiliaria,free,325,20,Voluptatem nulla adipisci quisquam praesentium nesciunt quibusdam eaque quae animi facilis.,0.47
72,Pedro Gaitán Lara,malavesessa@example.net,04206187035,Reyes-Corrales,Santiago,banca,free,490,14,Mayoría quedó blanco pensar esa ejemplo u tanto año.,0.84
73,Lic. Yeni Villagómez,ebolanos@example.com,57 312 101 05 07,"Rivera, Vergara and Vargas",Lima,inmobiliaria,free,58,11,Deleniti est sint ad deleniti numquam dicta.,0.73
74,Cecilia Luisa Mantilla Hernández,perdomojhon@example.com,(+57) 326 549 12 04,"Guerrero, Marín and Castro",Buenos Aires,inmobiliaria,free,363,14,Estas calle grande señaló o experiencia fin mujeres precios capacidad semanas gran aire.,0.72
75,Dolores Judith Ayala Sanabria,adrianazapata@example.org,+573143298371,Corporacin Rodríguez y Tirado,Santiago,ecommerce,paid,269,12,Accusantium unde nam nostrum inventore ipsa modi expedita eos amet sed fuga maiores.,0.84
76,Jaime Aguilar,ernesto59@example.com,1-973-025-2772,"Industrias Ávila, Contreras y Tirado",Ciudad de México,educacion,paid,39,5,Proyectos estilo tiempos punto interior fuera violencia recuerdo dinero importante unión ver ha.,0.52
77,Asunción Tijerina,acunajose-luis@example.org,469.143.4729x9861,"Garzón, Pabón and Mora",Buenos Aires,educacion,free,259,9,Error maiores distinctio quidem delectus provident iusto.,0.92
78,Deisy Socorro Fernández Vargas,nubia82@example.net,573253887689,Moreno-Gómez,Buenos Aires,inmobiliaria,paid,29,12,Medios meses actividades diez sin oposición cine miembros encontrar cinco otras importantes hizo.,0.86
79,Dr. Fidel Lerma,mosqueramery@example.com,04211208362,"Muñoz, Caicedo and Bedoya",Bogotá,ecommerce,free,34,5,Earum numquam repudiandae ut ullam et.,0.79
80,Sandra Murillo Morales,umolina@example.com,437.244.9163x418,"Rojas, Beltrán and Álvarez",Santiago,banca,free,171,6,Españoles juan unión jamás plan no hospital bajo.,0.81
81,Alba Carmen Moreno Quintero,lorena33@example.net,(+57)3055589303,"Valderrama, Ruiz and Alarcón",Santiago,banca,paid,64,9,Alrededor fecha fuego pues importancia realidad tras asunto obra.,0.84
82,Gina Reyes Osorio,javier78@example.org,1-903-507-2624x03520,Saavedra Ltd,Bogotá,inmobiliaria,free,348,19,Quis laborum fugit qui nesciunt fugiat incidunt nihil esse consequatur rem accusamus.,0.48
83,Josefina Zoé Arteaga,vromero@example.com,311 411 82 73,Ceballos LLC,Ciudad de México,ecommerce,free,432,18,Voluptates dolore doloribus magni velit adipisci reprehenderit blanditiis odit necessitatibus ea quo.,0.61
84,Ing. Rodolfo Sierra,adriana91@example.org,146.184.7063x933,de la O S.A.,Ciudad de México,banca,free,162,15,Provident ut neque distinctio quam explicabo quae veniam.,0.66
85,José Eduardo Burgos Rael,duartemario@example.org,107.983.6752x56705,Peña-González,Bogotá,educacion,free,405,13,Quizá comunidad sector actitud más fiscal quién.,0.94
86,Alejandro Cano Muñoz,enriquede-jesus@example.org,(+57)3030372627,"Cortés, Herrera and Barbosa",Ciudad de México,clinica,paid,273,11,Poco fecha anterior actual b j.,0.77
87,Ernesto Ureña Alva,marcoslongoria@example.net,1-401-826-8199x08768,de la Torre-Rodarte A.C.,Ciudad de México,clinica,free,299,19,Desde resto él hechos muchos información cuanto industria.,0.67
88,Edwin Romero,josferrer@example.com,576078357524,Garica e Hijos,Bogotá,inmobiliaria,paid,480,1,Teoría ante decisión práctica director especialmente animales muchas política encontrar estaban p.,0.64
89,David Mauricio Parra,rvillagomez@example.net,589.548.6564x1343,Cerón Ltd,Lima,ecommerce,free,418,19,Placeat facere ab quam quaerat enim hic vel fugit corporis culpa iure distinctio.,0.64
90,Jhon Torres López,juanperez@example.com,274 50 38,Mendoza Group,Lima,clinica,free,434,20,Cupiditate quia ut vitae cumque distinctio fuga.,0.53
91,Hilda Osorio Villamizar,yeferson56@example.com,714-451-9836,Anguiano S.A. de C.V.,Lima,educacion,free,331,3,Sol lenguaje idea usted investigación libros sistemas llama cerca fueron.,0.6
92,Sandra Vargas Castellanos,rosaleskarla@example.org,539-200-8974,"Nieves, Cordero y León",Santiago,ecommerce,paid,264,12,Optio quaerat perferendis voluptas quibusdam ut autem.,0.47
93,Esperanza Aguirre,rubencruz@example.org,608 533 10 23,Almonte e Hijos,Buenos Aires,educacion,free,274,15,Punto imágenes saber mundo mar empresas propios ellas estilo izquierda marcha.,0.61
94,Damaris Padilla Aguilar,julio82@example.net,264-591-9081,Abreu y Cavazos S.A. de C.V.,Bogotá,banca,paid,94,16,Ad delectus consequatur accusantium vel occaecati dolorem earum maxime temporibus in perferendis.,0.83
95,Lic. Elena León,ebenavides@example.com,(+57)6057787462,Despacho Bravo-Arias,Lima,clinica,free,414,20,Repudiandae esse suscipit explicabo corrupti modi asperiores dolore molestiae deserunt.,0.84
96,Miguel Rodrigo Soto Rentería,lpaz@example.org,253-814-2815,Rodríguez-Ospina,Bogotá,ecommerce,free,251,8,Eveniet debitis est quibusdam quidem molestias quam.,0.85
97,Horacio Mauricio Ortiz,rgarcia@example.net,018004422467,Rojas-Reyes,Lima,educacion,paid,416,19,Molestiae sit eligendi rerum expedita ullam inventore magni dolorem quo ducimus eos quibusdam.,0.69
98,Lilia Cintrón Farías,cangulo@example.net,3141803545,"Club Baeza, Holguín y Ocasio",Bogotá,banca,free,141,10,Laudantium earum corporis aspernatur aspernatur quam molestias ad quod maiores culpa impedit.,0.91
99,Alicia Mercedes Flores Sosa,juanzapata@example.net,3271235398,Hernández and Sons,Lima,banca,paid,310,2,Base i única miembros ideas mitad europa hacer color hoy.,0.68
100,Jonás Salcido,montanopablo@example.com,6088311759,Ordóñez y Bétancourt y Asociados,Bogotá,banca,free,421,8,Nada ser sangre mi causa cultural cuba encuentro de sean.,0.69
101,Martha Concepción Garza Olvera,alvarezjuan@example.org,594-197-0346,Pérez Group,Bogotá,educacion,paid,175,11,Nemo dolorem quo quam sint mollitia iure accusantium laboriosam dolorum voluptatibus temporibus.,0.52
102,Amelia Carlota Ponce,juanroa@example.net,3207183,Ramírez and Sons,Bogotá,educacion,free,451,11,Señor destino aire toda buenos nosotros muerto quién presencia.,0.83
103,Olivia Vélez Escobar,zrenteria@example.com,182-057-1437x7057,Ureña S.A.,Buenos Aires,ecommerce,paid,300,12,Francisco primero también dinero pronto vivir unidos millones estos ser bien análisis sé.,0.82
104,Luis Pinzón Peña,maurovaldes@example.org,835.219.9444x634,Aguirre y Martínez e Hijos,Santiago,banca,free,459,4,Nuevo formación recuerdo democracia rodríguez creación capaz arte idea modo jamás unos deben.,0.69
105,Cristian Fredy Martínez,aprieto@example.org,04061695341,Corporacin Osorio y Escamilla,Bogotá,banca,free,155,5,Labore eum dicta corporis quae ducimus sint rem nihil vitae nihil.,0.55
106,Carlos de León Rodarte,lopezteresa@example.net,519-327-8952x636,"Agudelo, Flórez and Vera",Ciudad de México,clinica,free,289,20,Est corrupti sequi nihil placeat neque ratione.,0.45
107,Aldo Lomeli,claudia08@example.net,1-388-065-4728,"González, García and Toro",Lima,inmobiliaria,free,34,19,Ad unde qui possimus repellat suscipit autem tempora dolore nisi explicabo accusamus.,0.48
108,Gabino Muñiz Vargas,javierrobles@example.org,1-278-429-6572x17825,Proyectos Prieto-Rendón,Ciudad de México,educacion,paid,135,17,Tempora nisi rerum facere necessitatibus totam distinctio similique dolor dolorem tenetur.,0.54
109,Consuelo Jaramillo Hernández,galvisignacio@example.net,+57 323 944 11 76,Mendoza Ltd,Lima,banca,free,481,7,Unde ipsa corrupti exercitationem magnam quisquam voluptas.,0.5
110,Serafín Verduzco,adriana99@example.org,302-858-7551x7601,Peña-Cortés,Ciudad de México,banca,free,33,18,Nesciunt neque voluptatum architecto dignissimos quos dicta praesentium beatae.,0.84
111,Ignacio Alvaro Figueroa,hernadezcristobal@example.com,(+57)6051296417,"Linares, Delgado y Gaitán",Buenos Aires,clinica,paid,456,13,Diez parte relación hoy ojos región.,0.93
112,Ferney Palacio Romero,morajose@example.net,3242872315,"Grupo Peres, Vallejo y Becerra",Lima,banca,paid,242,3,Hic sint odit totam atque animi est possimus.,0.52
113,Paola Francisca Escobedo,mario00@example.com,308 202 88 22,Carreón y Carrasco S.A. de C.V.,Bogotá,inmobiliaria,paid,7,2,Occaecati eum minus occaecati magnam alias sit unde natus enim praesentium velit quam.,0.55
114,Adrián Armando Ríos,ramirezandres@example.net,(570)365-7063,Laboratorios Ponce-Alonso,Bogotá,inmobiliaria,free,90,20,Ese pie cierto través pasar final hechos dios ejemplo efecto sigue pese larga.,0.84
115,Araceli Rascón,fidel13@example.org,(437)671-2530x06155,Serrato e Hijos,Ciudad de México,inmobiliaria,free,482,14,Vamos duda haber será cámara obra rey somos va eso sí pasa mano.,0.93
116,Gabriel Ballesteros,espartatejada@example.org,3019162660,Solano-Álvarez,Bogotá,inmobiliaria,free,436,14,Recusandae sapiente ab commodi illo repudiandae placeat praesentium nam recusandae fuga soluta sequi.,0.89
117,Gilberto Tijerina Perales,leonorcasillas@example.com,(813)546-7141,Vela-Holguín S.C.,Santiago,inmobiliaria,free,87,17,Tendrá espacio unión hecho área tales.,0.47
118,Lic. Helena Arce,de-la-otania@example.com,605 782 13 84,Zapata-Escobar,Lima,ecommerce,free,430,16,Quos blanditiis placeat delectus mollitia impedit corporis inventore dolorum consequuntur in.,0.72
119,Reynaldo Serafín Lemus Trejo,rodriguezmaria@example.com,(106)998-0944,Reyes-Mendoza S.A. de C.V.,Santiago,ecommerce,free,211,1,Nostrum quasi repudiandae dolores laudantium repellendus fuga autem iste reiciendis eaque occaecati.,0.65
120,Juana Vera Piña,sotolilia@example.net,+72(2)0301260747,"Industrias Reyna, Chacón y Terrazas",Lima,clinica,free,437,3,Pudo pueda quiere equipo quedó tarde secretario.,0.84
121,Fidel Sosa,bolivardaniel@example.com,1-657-963-7483,"Carvajal, Ruiz and Méndez",Santiago,ecommerce,free,22,7,Esfuerzo últimos bien partidos jefe fernando ha policía efectos va.,0.58
122,Lic. Jonás Roldán,omantilla@example.com,01 8002 302 913,Rodríguez-Domínguez,Ciudad de México,ecommerce,free,204,15,Neque harum sit aliquid blanditiis qui vel aperiam fuga maxime tenetur.,0.8
123,Octavio de la Rosa,gmeneses@example.org,684.550.8666,"Arango, Carmona and Hernández",Ciudad de México,clinica,free,236,1,Excepturi cum laborum repudiandae quas ex ducimus dolore animi.,0.56
124,Ing. Jonás Villalpando,wjiminez@example.com,(+57) 310 594 54 56,del Río y Jurado y Asociados,Ciudad de México,banca,paid,415,3,Labore harum nobis corrupti tempora ipsam inventore dolorem enim veniam expedita ea similique.,0.56
125,Aldo Antonio Gollum Becerra,claudiamunoz@example.com,(+57) 325 609 12 36,"Caicedo, Ayala and Guerrero",Buenos Aires,educacion,free,461,12,Reforma dolor seguridad necesidad cara peso socialista n quizá ese posición estudio principio.,0.55
126,Ing. Lucas Muñoz,maria91@example.com,551-408-8886x147,Corporacin Villanueva y Barela,Santiago,banca,free,180,6,Voluptatibus libero eius quaerat impedit laudantium amet eius ipsam ratione error.,0.73
127,Jhoan Antonio Arango Gutiérrez,iperez@example.org,555.223.7601x183,Industrias Téllez-Arguello,Santiago,clinica,free,487,18,Neque possimus debitis id harum molestias.,0.73
128,Andrea Paola Gonzáles,ramosenrique@example.org,832.724.5719x6057,Vega-López,Ciudad de México,banca,free,181,6,Cámara s sociedad años visita curso ideas e duda.,0.59
129,Emilia Julia Covarrubias Alcaraz,ortegalina@example.net,425-361-6298x2286,"Corporacin Jiménez, Villalpando y Cortés",Lima,banca,paid,134,6,Nesciunt et in quaerat repellendus architecto sunt.,0.45
130,Ing. Adela Gutiérrez,bzapata@example.net,(712)280-1867x806,Club Valenzuela-Cuellar,Buenos Aires,inmobiliaria,free,178,2,Voluptatum corrupti natus aspernatur veniam error.,0.6
131,Berta Cynthia Galindo,pascual93@example.net,1-200-852-1250x3913,Solano-Carreón S.C.,Buenos Aires,educacion,free,254,18,Existen especialmente quién siendo contra durante anterior obra comisión.,0.69
132,Luz Margoth Ávila Marín,lucia28@example.net,1-029-262-9116x412,"Toro, Carreón y Aparicio",Bogotá,clinica,free,60,19,Peso proyecto meses cámara situación república mejor este parís deja eso están veces.,0.54
133,Lucía Alfonso,cesargarces@example.net,3194808303,de la Garza-Godoy S.A.,Lima,ecommerce,paid,346,5,Perferendis consequuntur distinctio iusto nostrum illo nemo tenetur.,0.89
134,Carolina González,esther32@example.com,(+57)3011662326,Vargas LLC,Bogotá,banca,paid,36,20,Voluptatem eum assumenda adipisci cum aliquid deleniti ipsum repellendus non deserunt sunt hic.,0.95
135,Jairo Saavedra Álvarez,modestopulido@example.net,+573039598300,"Rojas, Calderón and Orozco",Lima,ecommerce,paid,38,8,Unidad debido toda encuentra hicieron dice cine idea ser soy.,0.64
136,Georgina Jaqueline Partida,lizeth28@example.com,3222802126,Gutiérrez LLC,Buenos Aires,banca,free,413,8,Reprehenderit tempora quis hic aperiam omnis nihil doloremque.,0.63
137,Dr. Alvaro Espinoza,monica23@example.org,1-842-104-4375,Ortega-Amaya,Bogotá,inmobiliaria,free,280,12,Ella ministerio américa concepto violencia acuerdo.,0.78
138,Lorenzo Coronado Mendoza,cristobal65@example.org,604 389 37 26,"Corporacin Sandoval, Guzmán y Aponte",Ciudad de México,banca,paid,102,9,Ullam consequuntur sed praesentium aspernatur quis provident similique.,0.94
139,Mery Nathalia Díaz,trosado@example.com,064.448.7579,Carvajal-Escobar,Buenos Aires,ecommerce,free,348,1,Dolorum illum modi sed sequi autem laboriosam atque minus vel.,0.65
140,Pedro Avilés Durán,xgonzales@example.com,3010291504,Buitrago-Galindo,Lima,banca,free,122,16,Deleniti repudiandae consequuntur explicabo nemo eos impedit quidem ipsam quam quidem debitis repellat in.,0.75
141,Lina Paz,hagudelo@example.org,602.455.6084x67813,Cuéllar-Mejía,Santiago,ecommerce,free,173,20,Ipsum tenetur eum laudantium nemo illo quisquam.,0.76
142,Guillermo Mariano Lira,diana68@example.net,1-432-973-8196x4356,Gómez LLC,Buenos Aires,banca,free,305,20,Corporis consequuntur veniam adipisci recusandae unde vitae voluptates.,0.67
143,Camilo González,maria-eugenia75@example.net,561.815.6532x315,Despacho Rodríquez y Mascareñas,Bogotá,clinica,free,136,2,Orden mientras saber figura sin lejos fuerza color precisamente somos cierta vista.,0.56
144,Guadalupe Collado Salinas,apodacayolanda@example.net,1-304-355-5974,"Giraldo, Peña and Duarte",Lima,banca,paid,222,10,Carne pensar y siempre televisión padre noviembre vuelta arte cuba alguien haber.,0.57
145,Raúl Julio César Bueno Cantú,eugeniamunoz@example.net,573033888081,Industrias Echeverría y Guajardo,Buenos Aires,inmobiliaria,free,265,6,Rem cupiditate ducimus suscipit alias ducimus odit quod id libero nesciunt labore nisi sed.,0.58
146,Antonio Cisneros,martha34@example.com,(+57) 315 307 59 63,"Suárez, Abrego y Anaya",Santiago,banca,free,297,3,Placeat iusto earum cupiditate ducimus magni accusamus eveniet.,0.77
147,Alfonso Soto,oswaldopaez@example.net,399.874.6585,Muñoz-Pacheco,Santiago,educacion,paid,182,12,Repellendus id minima placeat sint ullam corrupti laboriosam numquam expedita.,0.67
148,Fidel Nieto,ricardo00@example.com,01 8005 222 408,Corona y Menchaca S.A.,Lima,inmobiliaria,free,123,5,Saepe alias ut sint nemo unde quos laborum atque laborum veritatis aut blanditiis.,0.58
149,Lina Yadira Pérez Mena,amelia57@example.org,1-037-040-2955x66486,"Bravo, Burbano and Mena",Lima,banca,free,424,2,Sapiente eveniet iure ullam totam architecto.,0.57
150,Adriana Diana Murcia,angel81@example.org,785 67 60,Angulo-Guerrero,Ciudad de México,ecommerce,free,487,16,Mollitia debitis aliquid blanditiis ab dolores accusamus pariatur autem rerum sapiente dicta.,0.84
151,Mercedes Wendolin Tejeda,leivalaura@example.net,57 604 469 63 60,Montez-Altamirano,Ciudad de México,banca,paid,196,11,Partidos están vez sectores ejemplo práctica espera entre encuentra medidas pública existen equipo total.,0.82
152,Yuliana Narváez,renteriajacinto@example.org,420-111-8069x098,Romero-Ospina,Ciudad de México,inmobiliaria,free,136,7,Oro pero sea interés unos actividades juego.,0.55
153,Iván Tafoya Cardona,gabrielarias@example.net,(+57) 604 663 43 62,Industrias Ballesteros y Villegas,Lima,banca,free,98,10,Aliquam exercitationem aliquid dignissimos nulla inventore autem saepe asperiores inventore cupiditate.,0.92
154,Aurelio Ulibarri,ocampocristina@example.net,(604)538-4926,Flórez Ltd,Bogotá,inmobiliaria,free,162,18,Id molestias architecto sint alias natus quos dolorem.,0.46
155,Pilar Luisa Rodarte Orellana,mitzy30@example.net,(+57)3298534109,Vélez-Marín,Santiago,ecommerce,free,334,9,Hora común tan hijos manuel primera libre.,0.79
156,José Quiñones,karla21@example.net,(931)802-3934,Hernández-Álvarez,Bogotá,educacion,free,241,1,Solamente ahí sociedad seguridad nuestro siete proceso empresas menos quién ambiente.,0.79
157,Ana Gaitán,anguloestefania@example.com,976.455.5388x683,Club Berríos y Bañuelos,Lima,ecommerce,free,205,17,Por revolución caso mucho p edad.,0.85
158,Beatriz Yolanda Torres Gómez,quinterocarlos@example.com,(024)969-9706x2255,"Torres, Mena and Monroy",Ciudad de México,banca,free,326,18,Sit ullam et sed consectetur in doloremque architecto dolore.,0.65
159,Gabriel Ballesteros,elena72@example.net,1-573-913-6097x419,Proyectos Rivero-Viera,Lima,banca,free,33,14,Aliquam reprehenderit totam nihil et temporibus hic vero.,0.72
160,Ana Luisa Alicia Bañuelos Suárez,mcalderon@example.com,3251869695,"Delgado, Alfaro y Hernandes",Lima,inmobiliaria,free,191,15,Necesidad señora interior silencio seguro caso meses antes frente tanto trabajadores derechos ahora.,0.67
161,Oswaldo José Perea Solano,socorrogarcia@example.com,6017942102,Parra S.A.,Ciudad de México,clinica,free,155,5,Aperiam facere iste voluptates autem non aut ea error voluptatibus amet libero.,0.46
162,Modesto Quiroz Ferrer,pintoclara@example.com,443-382-2997,Espinosa-Puentes,Lima,ecommerce,paid,162,19,Amigo elecciones siguientes medida él sino recuerdo propios española podrá.,0.61
163,Edier Mejía,qmaldonado@example.net,(+57)6061314310,Vera PLC,Bogotá,clinica,free,274,20,Crecimiento otra abril semana posibilidad señor crecimiento.,0.85
164,Ing. Maximiliano Casárez,ospinaalberto@example.net,8552201,"Sarabia, Corral y Ortiz",Lima,inmobiliaria,paid,251,13,Cupiditate quis iste sunt occaecati quia nesciunt recusandae animi quisquam odio beatae incidunt.,0.63
165,Alberto Macías Negrón,villalpandomariano@example.org,216.945.5848x98083,"Ramírez, Ballesteros and Bravo",Lima,inmobiliaria,free,322,18,Volvió tendrá solo modo mayoría medidas pie resultado partir forma.,0.57
166,Sr. Marcos Granado,ninoliliana@example.net,573222470415,Tovar LLC,Lima,clinica,free,304,18,Iusto assumenda illo consectetur porro porro tenetur non id.,0.63
167,Wilfrido Marco Antonio Benavídez Blanco,ocampooscar@example.net,1-679-556-1995x084,Córdova e Hijos,Santiago,clinica,paid,54,9,Dignissimos eum in molestias doloremque nostrum porro atque expedita.,0.81
168,Miguel Augusto Londoño,concepcionzaragoza@example.net,(+57) 602 245 07 46,"Romero, Sánchez and Bejarano",Ciudad de México,educacion,free,480,18,Delectus quo suscipit possimus quisquam at necessitatibus ipsa.,0.93
169,Eduardo Eduardo Pacheco Torres,munozramon@example.org,+50(4)9730469637,"Reyes, Zuluaga and López",Santiago,ecommerce,free,444,4,Dignissimos quaerat suscipit voluptates maxime ex nesciunt consectetur quibusdam necessitatibus illo suscipit.,0.57
170,Lic. Zacarías Escamilla,leonardocanales@example.org,+57 601 371 95 62,Despacho Alemán y Cornejo,Santiago,inmobiliaria,free,32,9,Suscipit molestiae suscipit delectus laudantium tempore fugit optio eius voluptate molestias repellendus.,0.74
171,Dario Trujillo Pabón,imunoz@example.org,(+57)3126783060,Rosado-Partida S.C.,Lima,inmobiliaria,free,204,12,G fondo más soy máximo partes.,0.49
172,Danny Alirio Galeano Rodríguez,eduar74@example.org,(+57)6067540110,Ordóñez and Sons,Lima,clinica,free,478,6,Quod corporis laboriosam ab nemo eveniet maiores enim dolorem nemo vero deserunt.,0.93
173,Andrea Elena Navarro Cuesta,carmen77@example.com,(123)809-9351x058,Cordero-Cintrón S.C.,Bogotá,banca,free,500,8,Voluptatum cupiditate quam fugiat ad quasi eaque eos id officiis illum atque aut.,0.81
174,Dr. Camilo Méndez,jaimeesperanza@example.com,+57 604 753 38 63,Oquendo y Espinosa S.A.,Ciudad de México,ecommerce,paid,211,20,Cámara septiembre medidas esfuerzo diez encima encuentran viene defensa.,0.71
175,Claudio Sierra,wilson32@example.net,262 80 04,"Pedraza, Téllez y Reyes",Lima,ecommerce,free,183,14,Sigue ocasión fue hoy largo mujeres éste carlos gobierno muchos temas orden.,0.85
176,Guadalupe Ojeda,maria07@example.net,1-829-240-5066,"Grupo Calvillo, Palomino y Saucedo",Bogotá,educacion,free,347,16,Beatae earum quod modi veritatis maxime.,0.81
177,Alma Aguilar Olvera,yacuna@example.com,57 319 225 62 06,Reséndez y Montes e Hijos,Lima,clinica,free,128,19,Vitae modi rem aliquam assumenda error voluptatibus dicta placeat.,0.65
178,Carlos Iván Escobar,casasolivia@example.net,333.534.3460x155,Meraz S. R.L. de C.V.,Lima,inmobiliaria,free,62,10,Tendrá fecha único cuatro volvió sociedad pasar justicia bien por donde.,0.85
179,Verónica Shirley Ramos,lilianapinzon@example.org,6098675946,"Buitrago, Manrique and Mendoza",Ciudad de México,inmobiliaria,paid,111,8,Sabe políticas blanco respuesta estado dan encuentro serie popular quiero quiere conjunto d.,0.57
180,Rosa Clara Velasco Cuellar,andrescuesta@example.net,820.665.1906x18453,Jiménez Ltd,Bogotá,inmobiliaria,free,454,3,Trata pesetas claro pedro imágenes norte personas libro título especie trabajo francisco tu electoral.,0.66
181,Clemencia Osorio,paula69@example.net,01 8002 652 211,"Duque, Sánchez and Silva",Lima,banca,free,196,4,Suscipit in veritatis laboriosam similique odio incidunt quisquam dolorem eaque.,0.95
182,Estela Sofía Almanza Linares,solanoariadna@example.net,916.323.0088x80729,Preciado S.A.,Lima,banca,free,45,1,Costa sigue serie debido medios iglesia pasa tribunal puedo río tengo palabra políticos.,0.87
183,Diego Morales,ines63@example.org,578-121-6731x0435,Rengifo LLC,Ciudad de México,banca,free,215,18,Amet eligendi numquam illo veniam magni maiores aut in quisquam earum officiis temporibus.,0.48
184,Judith Gallegos Rivero,zedillomonica@example.org,3212526818,"Ortega, Ávila and González",Bogotá,ecommerce,free,414,17,Necessitatibus deleniti exercitationem voluptas est architecto illo quidem minima velit commodi vel voluptas.,0.47
185,Esperanza Altamirano,brunosegovia@example.net,07989710750,"Frías, Rosario y Rosales",Buenos Aires,educacion,free,264,4,Porro similique quibusdam est reprehenderit adipisci ut.,0.78
186,Lic. Nelly del Río,gerardo55@example.net,(760)575-8134x0846,Luevano-Anguiano S. R.L. de C.V.,Lima,clinica,free,251,9,Justicia pone real señor pesetas más organización buscar suficiente creación.,0.94
187,Rolando Barraza Chávez,vsaiz@example.org,172-646-9005x771,Proyectos Pelayo y Arenas,Bogotá,clinica,free,74,15,Tipos pequeño clase quería problema por.,0.51
188,Ángel González Rodríguez,williambonilla@example.org,(669)479-3017x783,Corporacin Noriega-Carranza,Bogotá,ecommerce,paid,59,18,Temporibus molestiae omnis quae officia quisquam beatae nobis doloribus necessitatibus amet.,0.8
189,Patricia Yuridia Manzanares,liliana73@example.org,+573211415366,Corporacin Treviño y Amador,Buenos Aires,ecommerce,free,281,1,Sociedad ayuda comercio larga fin libertad ese director aun realizar bastante.,0.9
190,Esther Carla Colunga Granado,menasara@example.net,860.765.7683,Orozco-Benavides,Bogotá,educacion,free,479,8,Afirmó campo muchos mis real mujeres está distintos.,0.53
191,Juan Zeferino Saiz,pedrocornejo@example.org,06209870703,Tamez-Barreto A.C.,Bogotá,banca,paid,125,5,Estado cuanto volvió un técnica arriba para ojos.,0.95
192,Fernando Pablo León,milena44@example.net,119.680.3388,Industrias Barraza-Hurtado,Ciudad de México,ecommerce,free,345,18,Cuando pensar líder puerta c línea respecto dinero popular.,0.9
193,Timoteo Eugenio Rentería,hmartinez@example.com,839.927.8756x4965,Grupo Muñoz y Rivera,Bogotá,inmobiliaria,paid,63,1,Origen voy hizo teatro algunos muerte sobre se intereses ministerio.,0.59
194,Antonio Mauricio Ramírez Cano,antoniomartinez@example.org,905-936-1383x191,Despacho Mascareñas y Serrato,Santiago,banca,free,329,14,Aumento alrededor mientras tú porque hechos duda presente.,0.87
195,Robinson Ramírez,eduardo09@example.net,386-223-1047,Avilés-Tirado,Buenos Aires,clinica,free,161,4,Natus possimus qui accusantium suscipit necessitatibus expedita cumque quaerat atque reprehenderit.,0.91
196,Ing. Camila Gracia,manuel67@example.net,774.497.2265,Cornejo y Asociados,Ciudad de México,ecommerce,free,213,7,Secretario todos soy carta queda zona marzo muy.,0.82
197,Viviana Sofía Vallejo,molinamaria@example.org,(045)042-7233,Vergara Inc,Lima,clinica,free,141,11,Accusamus fuga soluta error est eius.,0.55
198,Ernesto Aldo Barrera,luissalcedo@example.com,+75(6)1307190765,"Camargo, López and Ballesteros",Santiago,ecommerce,free,462,5,Empresa europa bastante octubre dar claro libros queda puntos secretario haber fondo enero.,0.65
199,Leticia Esquivel,javier64@example.com,(934)670-2765x9084,Godoy y Corona S.C.,Santiago,clinica,free,460,15,Momentos seis existen alta paciente necesario principio voluntad ve político cinco tenemos derecho.,0.87
200,Fernando Guzmán Hurtado,hpacheco@example.com,735-432-9639x39296,Fernández-Mesa,Buenos Aires,ecommerce,free,144,7,Minima ab asperiores necessitatibus iure ullam fugit.,0.78
201,Alejandra Sandoval,ypardo@example.net,693.904.8896x005,Mateo-Carranza y Asociados,Ciudad de México,ecommerce,free,343,9,Quaerat unde natus explicabo voluptatum libero.,0.47
202,María Benítez,xrodriguez@example.com,06110348311,Burgos-Franco,Bogotá,banca,paid,206,15,Nostrum neque quo laboriosam enim voluptatem consequuntur quidem molestias.,0.87
203,Consuelo Carvajal Ortiz,quintanillajose@example.org,1-417-605-8177x426,Quintanilla y Almonte A.C.,Bogotá,educacion,free,200,14,Revolución cuestión material miedo noviembre llegar unidad aquellas semanas llega.,0.95
204,Alberto Adolfo Ramos,elucero@example.org,57 304 026 05 71,Rodríguez-Quiroz,Ciudad de México,inmobiliaria,free,270,17,Eligendi maiores nulla sapiente quisquam ipsam incidunt excepturi reiciendis necessitatibus ullam dignissimos.,0.47
205,Delia Gil Jaimes,salcedoleonardo@example.org,238.925.4835x33079,Solano-Lugo S.A. de C.V.,Lima,educacion,paid,229,6,Dicta pariatur ipsam similique qui maxime sunt vero asperiores dolore molestias.,0.68
206,Wilson Ortiz Tovar,marcelaarchuleta@example.com,(+57)3281552117,Proyectos Márquez-Gallardo,Buenos Aires,banca,free,376,15,República contra cerca objetivo acto defensa dice.,0.65
207,Cornelio Serafín Olmos Mayorga,luis-manuelbermudez@example.net,396-744-4317x94540,Ceja e Hijos,Buenos Aires,ecommerce,paid,80,19,Cargo tratamiento mejor juego manuel señora cuales.,0.5
208,Adán Espinosa,rgonzalez@example.net,(+57)3110898710,Trujillo-Hernández,Lima,ecommerce,free,75,10,Modi provident perspiciatis doloribus quia illum accusamus provident modi.,0.65
209,Ramiro Leonardo Aguirre Rojas,gdiaz@example.net,573246604419,Club Madrid-Partida,Santiago,inmobiliaria,free,48,19,Quisquam adipisci laboriosam fugiat rerum at ab fugit magnam.,0.88
210,Camilo Manuel Barrera Álvarez,marthamireles@example.com,(229)674-1793x899,Cano-Páez,Ciudad de México,educacion,free,395,16,Sequi ducimus quas neque mollitia quidem.,0.49
211,Lic. Claudio Zarate,isabel41@example.com,6083541019,Córdoba PLC,Lima,inmobiliaria,paid,111,13,Guerra datos diversas suerte dólares favor miembros alrededor por grandes pasado quien siglo.,0.45
212,Patricio Emilio Velasco,leonor26@example.com,1-391-168-1631x23376,"Solorio, Collado y Villanueva",Bogotá,ecommerce,paid,315,9,Máximo cultural ocasión pone primero pasó finalmente muestra mesa va de te.,0.63
213,Iván Alexander Orozco,maria01@example.org,167.421.3808x50001,Chávez-Arroyo,Ciudad de México,banca,free,290,5,Molestiae in consectetur voluptatum officiis ipsum consequatur.,0.77
214,Leonel Alejandro Palacios,carrascoramon@example.net,(+57)6093236282,Mascareñas-Tijerina e Hijos,Lima,clinica,free,468,2,Mundial vino manos llamado seis existen prensa experiencia estamos.,0.6
215,Lic. Mauro Rivera,lpatino@example.net,3083239293,Franco PLC,Buenos Aires,banca,free,228,17,Atque vitae dolor pariatur placeat quibusdam eligendi.,0.68
216,David Alexander Cano Cruz,jaimesfrancisco@example.net,+573056242464,Muñoz-Rojas,Lima,banca,free,261,16,Horas personal palabra llegado comisión iglesia región comunidad conciencia.,0.56
217,Paola Meza,rojaswilmer@example.org,854.668.2058,Industrias de Anda-Medina,Ciudad de México,ecommerce,paid,52,12,Exercitationem dolor sunt est molestias quaerat temporibus sunt.,0.58
218,Claudia Gabriela de la Crúz Badillo,ana-luisa03@example.org,(+57) 305 228 51 67,Despacho Téllez y Candelaria,Ciudad de México,clinica,free,181,8,Molestiae quam vero at in id nemo ad doloribus libero incidunt quaerat.,0.92
219,Lic. Isabela Porras,alvarezmabel@example.com,(+57)3295799138,Treviño-Medina S.A.,Lima,educacion,free,37,8,Hospital mayor revolución mundo victoria capital poder tres sin corazón aun paso.,0.87
220,Elena Velandia,duartealonso@example.net,(+57)3155338568,"Palacios, Moreno and Montoya",Santiago,educacion,free,171,20,Qué marcha tema crecimiento cambio misma pasado francisco señaló pensar seguridad juego.,0.8
221,Jesús Ruiz Arroyo,zpacheco@example.org,01433016184,Peralta y Pichardo A.C.,Ciudad de México,educacion,free,229,18,Habría tiempos diario suerte película cuales equipo ciudad nueva.,0.83
222,Gerardo Jacinto Yáñez Naranjo,gmedina@example.com,335 66 21,Alemán-Niño S.A. de C.V.,Ciudad de México,educacion,free,412,8,Inventore dolore nobis eaque impedit beatae esse autem blanditiis quisquam asperiores dicta eveniet.,0.82
223,Carlos Andrés Martínez,rmayorga@example.net,(270)643-4491x7544,Cordero S. R.L. de C.V.,Ciudad de México,educacion,free,103,17,Premio instituciones pie ya estructura ciencia.,0.47
224,Vicente Felix Solís,saizgabriela@example.net,(905)262-4680,Grupo Mejía-Hurtado,Lima,clinica,free,426,5,Ningún g económica falta octubre aún felipe actual salir cada.,0.69
225,Patricia Guillermina Valdés Fierro,jhonarevalo@example.com,(390)879-2733x10718,"Grupo Alcala, de la Rosa y Mares",Santiago,banca,free,310,17,Prensa bajo apenas veces ella ve mesa desarrollo unas tú tal corazón.,0.5
226,Lic. Homero Quintana,abigailpina@example.org,(645)075-2823,Gil-Rodríguez,Lima,ecommerce,paid,172,12,Dicta vel tempora quam neque ex fugit dolorem molestiae facilis.,0.6
227,Pablo Ramírez Jaramillo,dianagalvis@example.com,(187)510-1624,Arias PLC,Buenos Aires,banca,free,497,6,Interior la felipe modo lleva dicho maría muchas próximo.,0.84
228,Edna Díaz,alberto58@example.com,3272637694,Zayas S.C.,Santiago,inmobiliaria,free,413,15,Paz características constitución al alta decía.,0.5
229,José Manuél Óscar Briones Duarte,benjaminperalta@example.com,+573154659126,Amador y Irizarry y Asociados,Bogotá,clinica,free,448,9,Iste nesciunt repellat ullam rem eum minus unde repellendus.,0.79
230,Jhon Jhon Ramírez,qmora@example.org,(363)619-5867,Sánchez Inc,Buenos Aires,inmobiliaria,free,285,20,Mesa modelo recuerdo características nos aunque hacerlo.,0.68
231,César Valencia,jose-carlosrincon@example.org,234 27 06,Mantilla and Sons,Lima,educacion,free,105,20,Sistemas se tarde concepto veces universidad parís hijos nuevos va respecto cierta.,0.74
232,Emilio Arredondo,dolores11@example.com,+57 319 122 29 61,Meza-Álvarez,Bogotá,clinica,paid,124,12,Similique eum ad sapiente exercitationem eos odio aliquam rem praesentium voluptatibus ab excepturi.,0.91
233,Helena Judith Gil Sandoval,alonzoantonio@example.net,208-072-7423,Loera-Esquivel e Hijos,Santiago,educacion,free,375,20,Dolore voluptatem numquam illum sed veniam inventore est veritatis quae quasi in.,0.82
234,Carmen de la Garza Correa,silvano66@example.net,03365750385,"Terrazas, Marroquín y Cintrón",Buenos Aires,banca,free,270,11,Iste eum temporibus ipsum quod veritatis debitis dolores amet.,0.52
235,Sra. Ilse Narváez,solizariadna@example.org,5866521,"Castañeda, Calderón and León",Ciudad de México,educacion,free,298,1,Unde soluta officiis eaque dolores quam.,0.81
236,Ester Díaz,yenyalzate@example.com,+96(6)0688936353,Leyva y Menéndez y Asociados,Lima,inmobiliaria,free,394,7,Quam id dolor ipsum adipisci error.,0.75
237,María Pérez,rcastellanos@example.org,1-558-784-5363,Pulido PLC,Lima,banca,free,479,15,Hacia corazón diferencia destino u fondo obstante proyecto vivir diferentes mitad.,0.68
238,Martha Zapata,zcuellar@example.com,03041738601,Cifuentes Ltd,Bogotá,clinica,free,380,4,J campaña interés actitud texto miedo programa único tenía hacer.,0.65
239,José Flórez Jaimes,rubielaperez@example.org,(106)820-8895,"Industrias Lemus, Tafoya y Mesa",Santiago,banca,free,378,10,Comunidad mí sector voluntad sé señora sin población personas e pasó estado sin.,0.7
240,Minerva Pineda,utovar@example.net,576096562037,"Mateo, Prieto y Olivárez",Buenos Aires,clinica,free,301,19,Principales puedo debía padre quiero trabajar cara puede jefe mismo.,0.54
241,Aura Martha Quiroz Jiménez,jorge60@example.com,+573021648301,Club Godoy y Lovato,Santiago,ecommerce,free,148,1,Últimos ministro dolor arte podrá allí como he especialmente base ve vivir piel.,0.62
242,Lic. Liliana Valadez,yolanda82@example.com,(+57) 327 111 00 92,Sandoval Ltd,Lima,banca,free,480,13,Universidad partido mi muy popular mano sociales nivel demás o da francia los.,0.53
243,Alexandra María Vargas,ofeliahernandez@example.net,573145437798,Murillo PLC,Bogotá,banca,free,355,7,Nesciunt fugit sequi neque repellat aliquam harum autem sint sunt dignissimos quo.,0.75
244,Alfonso Camarillo,bryanrodriguez@example.org,3229127259,Vanegas-Cruz,Ciudad de México,educacion,free,489,12,Cabeza poner seguro tengo posibilidades buena medida quiero con diario democracia líder asimismo.,0.76
245,Isabel Pardo,juliopardo@example.org,57 306 608 71 71,Hernández-Velázquez S.A. de C.V.,Ciudad de México,banca,free,359,20,Ipsam ad sed deserunt culpa iusto tempore perspiciatis ipsa est incidunt sit rem nihil.,0.86
246,Melissa Milena Quintero,knavarro@example.com,00721372690,"Rivera, Pacheco and Álvarez",Santiago,banca,free,464,19,Reprehenderit laudantium voluptatibus tenetur officiis alias pariatur.,0.85
247,Tatiana Manuela Díaz,andrespena@example.net,+576096148301,Corporacin Domínguez y Calderón,Santiago,ecommerce,free,48,18,Clase piel luis pedro habría puntos autoridades evitar ya precios.,0.69
248,Germán Elias Almaraz,zrodarte@example.org,3197008306,Bustamante-Sánchez,Buenos Aires,banca,free,244,9,Siempre sido medida siendo medio argentina pueblo materia armas presente cuarto estaban.,0.62
249,Pedro Rubén Delgadillo,zeferinoballesteros@example.net,01 8008 775 840,Montenegro Inc,Ciudad de México,educacion,free,438,18,Presencia tomar guerra cosa instituto necesidad momento tenido.,0.6
250,Laura Yolanda Velasco Pinzón,lramirez@example.com,+57 301 518 31 59,Quintanilla-Marroquín,Ciudad de México,ecommerce,free,172,1,Eveniet odit molestias sit commodi illo error animi.,0.86
251,Juan David Castrillón Villegas,quintanillaluisa@example.org,+06(7)6384624801,Candelaria-Puga S.A. de C.V.,Ciudad de México,banca,free,258,13,Dolores consequuntur impedit exercitationem modi id consequatur laborum dolor aliquam.,0.87
252,Gilberto Rodríguez Gaytán,clara46@example.org,(514)193-8104,Mejía-Mejía,Lima,inmobiliaria,paid,109,14,Paz fondo partido imágenes supuesto c produce mientras madre.,0.53
253,Dulce María Noelia Córdova Montes,teresarazo@example.net,(321)325-5839x518,"Vergara, Vega and Pinzón",Buenos Aires,banca,free,440,8,Ocasión llegó banco ciencia muchos encuentran atención viejo otra vino mirada interior.,0.46
254,Didier Romero,usevilla@example.org,57 304 682 55 80,"Alcala, Bermúdez y Partida",Santiago,banca,free,402,16,Suscipit nemo pariatur exercitationem odio velit non sunt laudantium ad corrupti.,0.93
255,Juana Anabel Santillán Navarrete,nunezisabel@example.org,573219697578,"Hernández, García and Jaramillo",Buenos Aires,ecommerce,free,251,2,Libero odit quasi voluptas iusto voluptatibus quam ab.,0.65
256,Tomás Hernádez,velazquezteresa@example.org,57 304 681 06 22,Contreras Inc,Lima,educacion,paid,382,20,Ese han tanto diario especialmente pesar eso bajo modo solamente va sigue mayor.,0.65
257,Hernán Vicente Martínez,briangarcia@example.net,1-631-315-9365,Despacho Villegas y Gallardo,Bogotá,ecommerce,free,50,5,Dignissimos ipsum officiis voluptatum vitae optio impedit explicabo commodi perspiciatis fugiat.,0.91
258,Rosario Colón,luisacosta@example.com,1-918-850-4255x506,Espinoza y Romero e Hijos,Ciudad de México,educacion,paid,55,13,Origen j alrededor cinco entonces militar jefe amigos pueblo.,0.72
259,Marcela Liliana Meza,cesar34@example.com,406.030.1444x405,Salas and Sons,Bogotá,inmobiliaria,free,419,7,Esos van espera relaciones le central cualquier deja resulta que francisco dólares pueda.,0.78
260,Jair Ignacio Ochoa,vergaramario@example.com,57 327 912 41 57,Proyectos Partida-Gaytán,Lima,inmobiliaria,free,51,16,Laudantium neque dolore ipsam neque modi perferendis.,0.68
261,Stella Ochoa Ortiz,patriciabravo@example.com,(+57)3156944787,Salcedo y Mateo S.C.,Buenos Aires,ecommerce,free,63,8,Idea primer hace aquí debía fecha arriba escuela los precios.,0.72
262,Hilda Espitia Rodríguez,hoyosuriel@example.net,3081061592,Suárez Group,Ciudad de México,clinica,free,100,19,Harum consectetur eveniet id quos explicabo enim fugiat in quasi tempora provident.,0.63
263,Ingrid Guevara,vallejobeatriz@example.com,970.963.9234,Rico LLC,Santiago,clinica,free,295,15,Molestias quidem dolorum nostrum consequatur quasi minus dolorum eveniet quidem.,0.61
264,Nayeli Frías,ndelgado@example.com,3158886108,Tapia y Reyes e Hijos,Lima,banca,paid,264,12,Debitis cum cupiditate est cumque consequatur tenetur architecto saepe magni dolores illo accusantium.,0.52
265,Ing. Genaro Carrero,yzavala@example.org,601 986 24 13,Rodríquez-Soria,Buenos Aires,inmobiliaria,paid,426,1,Voluptas blanditiis nobis culpa ullam ratione quod perferendis assumenda quos totam autem inventore.,0.67
266,Sandra Durán Cardona,oviedoleonardo@example.net,(660)523-9032x6096,Ávalos-Mares S.A. de C.V.,Lima,ecommerce,paid,271,13,Señor hacer ninguna figura temas hechos teoría meses unidos.,0.47
267,Serafín Gregorio Morales Villegas,dsepulveda@example.org,3883677,Laboratorios Almonte-Girón,Buenos Aires,ecommerce,free,493,3,Nostrum iure voluptas aliquam voluptate iure enim sint repudiandae.,0.65
268,Raquel Colón,luisesparza@example.net,3184489253,Martínez-Díaz,Ciudad de México,banca,free,104,6,Voz doctor realidad ejército equipo operación padres comercio.,0.79
269,Octavio Mauro Solís,garzonjose@example.com,303 881 70 63,Mercado y Nieves S.C.,Buenos Aires,banca,paid,378,15,Quibusdam explicabo pariatur tempora natus aspernatur quibusdam commodi cumque nulla quasi esse.,0.94
270,Angélica Blanca Castro,lilianaavila@example.com,(+57) 601 527 35 86,Club Fierro y Posada,Lima,banca,free,296,16,Primer viaje cómo ser banco fiscal tenía.,0.52
271,Iván Anderson Rodríguez Sarmiento,molinazeferino@example.net,573230748641,Herrera y Porras e Hijos,Ciudad de México,ecommerce,free,294,17,Bien información electoral siempre derecha términos.,0.79
272,Edwin Andrés Cardona Jiménez,ursula92@example.org,(+57)6086594223,Vega Group,Ciudad de México,clinica,free,31,1,Ducimus expedita amet ea asperiores ipsam in labore repudiandae aspernatur.,0.84
273,Fernando Vargas,smejia@example.org,1-431-796-0482,"Martínez, Monsalve and Sandoval",Bogotá,banca,paid,183,14,Ve acción informe hace cabo llevar mayoría algún militares plan sigue cuyo.,0.62
274,Ing. Pamela Mares,silvanelson@example.net,573091536199,Cifuentes and Sons,Ciudad de México,inmobiliaria,free,401,9,Numquam est nisi iusto cum sed minus.,0.67
275,Florencia Niño Ulibarri,montoyaalvaro@example.org,(475)907-1681,"Rodríquez, Estrada y Barajas",Lima,ecommerce,paid,317,2,Quería baja universidad construcción el consecuencia señora jefe congreso hermano hablar cuando conjunto.,0.45
276,Dra. Elisa Montero,valenciadaniel@example.com,438-532-4767,"Garzón, Durán and Delgado",Ciudad de México,banca,free,57,11,Corrupti harum accusantium vero qui architecto similique natus rem ad distinctio.,0.48
277,Nelly Mosquera Morales,ivonne72@example.org,542-660-0124,Rosario S.A. de C.V.,Lima,ecommerce,free,168,7,Nuestra estilo dejar televisión siempre congreso ya.,0.58
278,Srita. Irma Loera,lcontreras@example.com,(+57)3113515556,Hurtado-Castro,Ciudad de México,clinica,free,230,7,Momento casi llama conseguir al para energía control sociedad voluntad.,0.92
279,Iván Jimmy Parra,diegoespinosa@example.com,(080)183-8383,"Serna, Marín and Hernández",Ciudad de México,ecommerce,free,275,9,Con plazo popular estudio hace peso esa asociación ningún.,0.82
280,Nancy Leticia Casanova Moya,estiven86@example.org,1-677-569-1737x19188,Córdova y Santacruz e Hijos,Ciudad de México,banca,free,301,13,Palabras siquiera reunión primeras figura técnica haciendo unidad quizá cinco pp punto.,0.81
281,Juan Córdoba,pereszeferino@example.com,09100260800,Mercado-Feliciano S.A.,Buenos Aires,ecommerce,free,107,7,Quibusdam ea fugit cum ut odit similique facilis.,0.56
282,María María Ochoa Marín,sernamariano@example.com,+21(3)0512002543,Castellanos-Ramírez,Ciudad de México,banca,free,132,6,Aspecto educación maría sabía asociación socialista.,0.49
283,Dr. Santiago Barrientos,eduardo07@example.com,1-537-054-6345,Proyectos Cardenas-Zamora,Buenos Aires,ecommerce,paid,334,11,Corporis magni fugit eligendi quidem nobis ratione illum perferendis iusto ullam corporis.,0.46
284,Dulce María Quiñónez Brito,rangelpatricio@example.org,+57 603 742 56 79,"Sánchez, Sanabria and Moreno",Lima,clinica,free,400,1,Iste voluptas odit debitis voluptate cupiditate dolores dicta.,0.8
285,Yineth Díaz Ruiz,hcortes@example.net,1-674-816-2685,Jiménez PLC,Bogotá,clinica,free,376,5,Largo parecía encuentra nombre cual un imposible.,0.84
286,Jacobo Gonzales Melgar,talcala@example.org,1-482-385-0762,Ayala S.A.,Bogotá,educacion,free,348,14,Voluptas aperiam quod fugit labore hic ab.,0.75
287,Rocío María del Carmen Almonte,cristal34@example.net,(521)840-9820x976,Corporacin Mares y López,Lima,inmobiliaria,free,404,14,Delectus ut cupiditate molestiae ullam repudiandae cum nam similique necessitatibus eveniet nostrum.,0.85
288,Lic. Gerónimo Rivero,bnegron@example.net,323-682-6254x83371,"Correa, Rodríguez and Barbosa",Buenos Aires,clinica,free,99,11,Provident similique cumque ullam impedit amet.,0.55
289,Jonás Samuel Ozuna Urías,juangarzon@example.org,57 312 812 58 01,Osorio-Tamayo,Lima,banca,free,137,3,Delectus quo at laborum facere quas enim vel animi nobis dignissimos rem.,0.7
290,Amador Prieto,aliciatovar@example.com,762.634.8001,"Montenegro, Serna y Franco",Ciudad de México,inmobiliaria,free,297,15,Constitución cuya mayo cómo poco debía tomar amigos toma rosa que.,0.75
291,David José López,rodriguezcielo@example.com,(+57) 304 236 04 11,Mora LLC,Bogotá,ecommerce,free,333,7,Consectetur quae illo quibusdam quae inventore occaecati eaque nam illo commodi sit.,0.63
292,Ing. Emilio Mascareñas,trujillojudith@example.net,311 182 72 51,"Garibay, Quesada y Cepeda",Bogotá,clinica,paid,310,17,Grado tuvo cambios últimos vida muy figura.,0.78
293,Carolina Laura León Carvajal,gvargas@example.net,303-487-3746,Pineda-Morales,Bogotá,clinica,free,64,6,Poder haciendo tenía cuales me niveles partir tal primer cosas.,0.63
294,Dora Cantillo,luzmorales@example.org,(940)084-9106x404,Jaramillo y Mena y Asociados,Buenos Aires,banca,free,265,17,Eaque porro nisi iste in ipsa rem officiis blanditiis nemo tempore.,0.61
295,Rafaél Humberto Collazo Velázquez,octavio14@example.com,+57 313 551 43 24,"Preciado, Haro y Nieto",Ciudad de México,banca,free,340,9,Cuarto torno cuba políticos cuarto único cosas fácil quién.,0.54
296,Antonio Felipe Mejía Pérez,adriana63@example.net,184.014.1497,Vergara Group,Bogotá,clinica,free,189,10,Doloribus maxime possimus quis deserunt in pariatur.,0.49
297,Nelson Ballesteros,juanmarin@example.com,1-772-178-0216x696,Moreno and Sons,Santiago,banca,free,468,7,Alias impedit nobis velit eaque eius adipisci nihil.,0.9
298,Alonso Coronado,renatotafoya@example.com,855-640-4835x87982,Londoño PLC,Santiago,clinica,free,415,12,Sit illo recusandae optio tenetur est quis veritatis perspiciatis dolorem.,0.57
299,Marco Antonio Silvano Limón,grodriguez@example.com,6635053,Arboleda-Vargas,Bogotá,ecommerce,free,295,12,Habían debido ninguna presidente sistemas estructura club vino mujer grupos.,0.69
300,Olga Salazar,julio04@example.com,(+57) 603 562 44 31,"Rodríguez, Valderrama and Contreras",Bogotá,clinica,free,378,12,Esse dolores occaecati porro sapiente saepe.,0.61
301,Ana Luisa Ulibarri Granados,zmunoz@example.com,(+57)3251544589,Grupo Robledo y Badillo,Santiago,clinica,free,367,14,Dentro casi formas congreso pasó mejor tendrá sur a.,0.61
302,Santiago José María Hernádez,berrioscamila@example.com,1-947-006-1325x90759,Bustos S. R.L. de C.V.,Santiago,clinica,free,346,13,Optio dicta officiis velit corrupti sapiente officia sunt.,0.56
303,Juan Meneses Parra,lucero91@example.org,(321)190-8251x0298,Alvarado y Franco S.A. de C.V.,Lima,banca,free,249,12,Reiciendis saepe qui quas fugiat rerum laborum veritatis beatae iste voluptatum suscipit.,0.47
304,Dra. Tania Botello,angelicaquintana@example.net,1-227-527-7343,García LLC,Santiago,inmobiliaria,free,173,17,Sido m hubiera propios formación etapa donde han cuya respecto pequeño parís.,0.57
305,Elias Vega,monicasanches@example.org,+57 325 781 88 94,"Sánchez, Álvarez and Cabrera",Bogotá,clinica,paid,454,4,Democracia problemas empresas así siquiera peso edad vamos.,0.46
306,Sonia Aguayo Saiz,onunez@example.com,486-994-6556,Zavala-Mayorga S.C.,Santiago,ecommerce,paid,294,6,Policía llama una último pesetas pesetas poder lópez cuanto ciencia.,0.46
307,Hermelinda Soledad Irizarry,eduardo63@example.org,906-503-1738x95609,Club Meza-Ornelas,Buenos Aires,educacion,free,381,2,Cámara hacia especial centros claro formas si qué.,0.71
308,María Mora Burgos,cruzflor@example.org,326 729 57 35,"Limón, Guajardo y Aguilar",Santiago,inmobiliaria,paid,60,3,Mar comercio hechos cinco juicio encuentro parecía pese.,0.78
309,Tatiana Alicia Castañeda,geronimo38@example.org,317 428 29 35,"Castillo, Díaz and Peña",Bogotá,banca,free,367,8,Existe buenos todas cual sobre siguiente sido poco cualquier orden marzo.,0.61
310,Dra. Elvia Alemán,tania00@example.com,3112351478,Rosado y López y Asociados,Bogotá,inmobiliaria,free,293,2,Natus rerum aut impedit dolor eveniet.,0.75
311,Sr. Alberto Quesada,luz51@example.com,1-064-765-2778,Aguilar y Asociados,Bogotá,educacion,free,138,12,Rem itaque a molestias temporibus occaecati perspiciatis fugit autem labore eius quia quaerat sunt.,0.92
312,Diana Martha García Romero,victor59@example.com,817-002-4859x4614,Estrada-Serna A.C.,Buenos Aires,educacion,free,368,9,Quibusdam eius sed eius numquam nisi eius voluptates quaerat.,0.74
313,Sra. Araceli Llamas,nestor47@example.org,057.451.5788x1681,Madera y Serrano y Asociados,Ciudad de México,clinica,paid,237,20,Veritatis alias nam quos autem amet cupiditate deleniti.,0.56
314,Leydi Salamanca,rosasgregorio@example.com,(+57) 321 200 20 24,"Botello, Urbina y Nieves",Buenos Aires,ecommerce,free,470,6,Consequuntur libero quia cupiditate ratione eaque voluptate recusandae.,0.92
315,Isabela Morales Ibarra,jacintoaguirre@example.net,+573132366802,Grupo Solorzano y Alemán,Bogotá,educacion,free,461,17,Estamos juez varios humanos contra mar consecuencia cosas destino aún respuesta pp.,0.93
316,Lucas Reynaldo Griego,cristinacontreras@example.org,363 93 10,"Roldán, Medrano y Cisneros",Buenos Aires,inmobiliaria,free,126,5,Ab adipisci quaerat iusto dolore in illum nisi ea sed quibusdam placeat vero labore.,0.7
317,Adriana Blanco,quirogaalexandra@example.org,(070)873-3170x80656,Herrera-Fernández,Ciudad de México,educacion,free,293,10,Commodi cum esse odio at odio quia beatae libero vero non.,0.85
318,Margarita Álvarez Sandoval,angelgarica@example.com,573004857864,"Mascareñas, Haro y Salas",Santiago,ecommerce,free,109,20,Quis soluta veniam consectetur occaecati laborum esse asperiores deleniti.,0.8
319,Iván Giraldo,mbenavides@example.org,668.301.1433x48588,Valdivia y Montenegro S.A.,Bogotá,educacion,free,89,4,Justicia mucha fuerzas guerra otro fin alrededor dan hubo puntos.,0.56
320,Jesús Javier Zapata,saulavila@example.org,(472)028-1313x9876,Cornejo y Almaraz A.C.,Ciudad de México,clinica,free,372,9,Información debe propio viaje especie tanto derecha en.,0.51
321,Antonio Contreras,cecilia11@example.org,+57 323 929 71 80,"Castañeda, García and Rodríguez",Ciudad de México,ecommerce,free,362,1,Pese teoría enfermedad ir tierra civil ellos señor términos.,0.7
322,Adriana Moreno,alexander75@example.net,1-682-949-4481,Ramírez Group,Santiago,educacion,free,250,8,Ab temporibus sit accusamus occaecati neque.,0.52
323,Leonardo Mateo Enríquez,sarafeliciano@example.com,(+57) 308 699 65 73,Salcedo-Ochoa,Lima,inmobiliaria,free,464,5,Instituciones pese puerto región nivel actividades pequeña felipe formación mismos blanca es solo desarrollo.,0.51
324,Juan González,arturovanegas@example.net,1-625-522-8480,Muñoz Ltd,Buenos Aires,educacion,free,367,10,Respecto porque vida cargo varios volvió resultados.,0.56
325,Fernando Ramos Mena,torresvictor@example.com,(+57) 315 038 11 54,Laboratorios Vergara y Ramón,Santiago,clinica,free,155,1,Pariatur eveniet accusantium distinctio corrupti accusantium voluptas dolore alias repellat.,0.69
326,Diego Marino Torres,antonio41@example.org,57 302 388 50 51,Benítez-Lerma,Ciudad de México,ecommerce,free,160,18,Lucha democracia instituto rey aun cuales podrá madrid ello fuerzas.,0.45
327,Dra. Yeni Ramón,hsilva@example.org,609 487 78 14,"Laboratorios Moya, González y Contreras",Santiago,ecommerce,free,437,10,Fugit error enim cum libero deserunt necessitatibus nulla.,0.81
328,Oswaldo Ricardo Quintero,arcelia92@example.org,57 312 274 32 02,Linares y Asociados,Buenos Aires,banca,free,67,16,Familia podría policía jamás yo supuesto lado derechos parece dicen rosa soy efectos.,0.47
329,Yurani Leidy Fonseca Mosquera,restrepocarmen@example.org,(+57) 316 072 87 70,Bernal y Alba e Hijos,Santiago,clinica,free,156,9,Facilis mollitia repudiandae in perferendis blanditiis exercitationem tempore.,0.64
330,Alejandro Vega,gloria57@example.net,03485087281,Reséndez y Maya S.A.,Ciudad de México,clinica,free,12,5,Sí condiciones fueron mediante tu general rodríguez mar aquí gobierno.,0.62
331,Olga Matos,carolina18@example.net,1-312-099-5860x05583,"Laboratorios Orosco, Bermúdez y Beltrán",Santiago,clinica,free,474,2,Ipsum id alias nobis recusandae corporis esse eum.,0.82
332,Dolores Gaitán Vanegas,lmoreno@example.org,+576067476028,Club Montaño-Rivera,Bogotá,ecommerce,paid,186,18,Temporibus voluptatum esse ratione error tempora laboriosam eum vero.,0.63
333,Marisela Natividad Sevilla,zoe80@example.org,645-237-0579,Maldonado-Ledesma S.A.,Bogotá,inmobiliaria,paid,39,12,Evitar aquellos actitud creación contra proceso evitar.,0.57
334,Guillermo Jesús Cuéllar,davidruiz@example.org,(+57)3130046524,Vallejo-Arroyo,Buenos Aires,educacion,free,376,20,Veritatis perferendis dolorum eveniet impedit ut qui.,0.88
335,Wilmer García Burgos,liliana24@example.org,1-161-837-8235x0141,Herrera-Díaz,Lima,inmobiliaria,free,185,9,Dignissimos distinctio ratione molestiae ab inventore sapiente eaque voluptatem.,0.92
336,César Aurelio Mota Rivero,francisco-javier69@example.com,(085)525-6013,Mares S.A. de C.V.,Bogotá,educacion,free,37,10,Partes tiempo alta hacerlo sus única línea resulta padre base va.,0.78
337,María del Carmen Vásquez Bétancourt,felipe64@example.net,198-475-1743x2664,Rojas-Rodríguez,Bogotá,clinica,free,17,11,Será cada recuerdo frente marcha ciudad libre arriba sociales curso sentido educación mar.,0.48
338,Lorena Barrientos Valenzuela,noemivalle@example.net,57 322 152 23 34,Baca-Lira,Buenos Aires,clinica,free,310,11,Sapiente necessitatibus odit exercitationem neque alias iure adipisci earum facilis.,0.83
339,Marco Arturo Ospina,ana-maria37@example.net,377-096-2894x40989,Griego y Rivero e Hijos,Buenos Aires,clinica,free,36,1,Atque ut error voluptatem in quisquam sunt porro quam vitae beatae.,0.94
340,Milena Yolima Mosquera Ángel,langulo@example.net,910.836.5493,"Yáñez, Olivas y Rendón",Santiago,ecommerce,free,380,14,Delectus ad facilis assumenda odio magni omnis tenetur voluptatem.,0.95
341,Omaira Gómez,oromero@example.net,05162322551,Rosas-Zavala,Lima,clinica,paid,390,3,Veritatis provident eligendi necessitatibus dicta suscipit vitae quidem voluptates adipisci.,0.85
342,Antonio Gregorio Muñoz,rubycalvillo@example.org,554.942.2328,Briones y Venegas S.A.,Bogotá,inmobiliaria,paid,106,6,Fugiat ducimus accusantium eligendi ut odit similique similique maxime officia.,0.66
343,Laura Salcedo,humberto69@example.net,(+57)6029074396,"Ardila, Ramos and López",Buenos Aires,clinica,free,279,14,Sala tuvo director pp solamente siguientes investigación personas iglesia práctica fernando.,0.46
344,Sofía Liliana Gutiérrez,isabelramirez@example.net,576017165069,Industrias Díaz-López,Buenos Aires,ecommerce,paid,63,20,Neque atque aliquid velit assumenda ut id deleniti nisi.,0.54
345,Carmen Leonor Montoya Corredor,jpulido@example.org,887-269-1656,Despacho Navarrete y Guardado,Santiago,ecommerce,free,125,10,Libero occaecati magni quos totam quod error assumenda.,0.48
346,María Hernández,vanesaalmaraz@example.net,(455)107-3174,Rodríguez-Fonseca,Ciudad de México,banca,free,27,12,Madre varios baja política estaban estoy ir capacidad podría miembros.,0.57
347,Luis Miguel Garza,jesus51@example.com,(575)824-9915x51478,Flórez and Sons,Santiago,inmobiliaria,free,260,19,Importancia van ella precio pie cambio cara siquiera respuesta y consecuencia.,0.86
348,Benito Vaca Bahena,alma09@example.net,(+57) 328 992 72 44,"Aguayo, Tórrez y Roque",Buenos Aires,ecommerce,free,14,3,Fuga corporis assumenda ipsam distinctio nemo omnis quisquam iusto.,0.94
349,Luz Cindy Sarmiento,avilamarina@example.com,(384)408-7404,Despacho Sarabia-Ceballos,Lima,ecommerce,paid,390,19,Eum eum vel fuga dolore blanditiis sit ab cupiditate.,0.68
350,Gloria Durán,luisgrijalva@example.com,+45(6)6605443306,"Ibarra, González and Palacio",Santiago,clinica,free,49,4,Repudiandae cupiditate repellendus odit dolores expedita quibusdam facere corrupti.,0.72
351,Mario Barajas,cynthia78@example.net,1-861-623-5859x5721,"Laboratorios Cano, Elizondo y Alarcón",Bogotá,educacion,free,496,14,Inventore accusamus aperiam saepe accusantium mollitia labore quae non nemo tenetur aspernatur modi.,0.66
352,Libardo Christian Rodríguez,benito54@example.com,+57 318 429 69 82,Grupo Urías-Prieto,Lima,clinica,paid,193,9,Cupiditate placeat similique maiores natus eos ut provident quas quibusdam.,0.62
353,Magdalena Escamilla,gmora@example.com,(187)931-4862x260,"Ochoa, Gómez and Monroy",Ciudad de México,inmobiliaria,free,228,18,Aliquid iste sunt fuga sit dolor natus exercitationem.,0.64
354,Miguel Ángel Calvillo,hmejia@example.net,573046042784,Laboratorios Espinal y Becerra,Santiago,inmobiliaria,paid,69,13,Nam est odit accusantium hic quo.,0.59
355,Dr. Ramiro Olmos,yeninavarro@example.net,+57 601 563 30 20,"Corporacin Roybal, Patiño y Cotto",Buenos Aires,banca,free,289,5,Siguiente público sea prensa naturaleza blanca líder internacional especie propios.,0.51
356,Abel Arreola Robles,maria72@example.com,(278)050-8637,López-Ortiz,Santiago,clinica,free,272,3,Eos enim ex accusamus natus at deleniti aperiam in repellendus.,0.58
357,Alfredo Alejandro Galván Ornelas,camila90@example.net,05355758658,"Corporacin Chavarría, Hinojosa y Blanco",Buenos Aires,educacion,free,474,17,Ab soluta quasi accusamus consequuntur quis iste cum architecto eius.,0.81
358,Srita. Barbara Gonzales,xestevez@example.net,4147367,"Torres, Espitia and Álvarez",Ciudad de México,ecommerce,free,12,5,Pie queda mesa estamos importancia deben frente.,0.47
359,David Gaitán Fonseca,floreseduardo@example.org,606.086.8931,Proyectos Coronado-Bustos,Lima,clinica,free,307,10,Quaerat aliquid at at minima dolorem recusandae voluptatum molestias minus ea inventore.,0.47
360,Diana Murillo,fernandaagudelo@example.com,322 830 77 29,Gurule-Anaya e Hijos,Santiago,inmobiliaria,free,88,6,Fugiat nisi illo in esse incidunt consequatur blanditiis ratione.,0.63
361,Lic. Claudia Alcaraz,aldonzaurrutia@example.org,3156936310,Molina Group,Buenos Aires,banca,paid,343,20,Campo suerte escuela mientras al militar idea.,0.45
362,Nubia Lorena Carvajal López,luis-manuel09@example.org,823.176.8064x844,Zarate y Ruiz S. R.L. de C.V.,Buenos Aires,banca,paid,315,18,Ut eum minus quod animi quas nihil vel incidunt.,0.57
363,Jesús Jesús Aguilar Carvajal,vsantiago@example.net,+57 309 869 98 65,Cardona-Carmona,Lima,ecommerce,free,444,7,Puede puesto busca marzo sea también alto.,0.89
364,Alonso Quezada Corrales,chaconandres@example.com,03459239611,Gómez-Díaz,Santiago,ecommerce,free,381,17,Nos julio blanca cama busca estaban partidos estos llegó.,0.48
365,Adrián Cuéllar Suárez,ifrias@example.net,(428)207-8433,Gómez-Correa,Ciudad de México,clinica,free,461,18,Nobis consequuntur expedita in laboriosam minima facilis exercitationem vero nemo blanditiis optio exercitationem.,0.94
366,Isaac Antonio Salazar,daniellomeli@example.org,+573003132722,"Peña, Carrero y Cabán",Santiago,ecommerce,free,437,5,Laborum voluptatem voluptatum quibusdam maiores harum non.,0.53
367,Cristian Luna Báez,altamiranoaurora@example.com,05878494325,Industrias Munguía-Garay,Bogotá,inmobiliaria,paid,333,15,Estilo difícil quienes distintas frente respuesta entrar ante.,0.78
368,David Mateo Ornelas,cardozojesus@example.org,(+57) 329 642 34 77,Curiel-Sáenz S.A. de C.V.,Ciudad de México,inmobiliaria,free,319,10,Quiero familia martín oposición condiciones guerra esa alguien fútbol.,0.84
369,Eduar William Acosta Orozco,mtrevino@example.net,983-931-4709x06077,Menéndez-Prieto,Santiago,clinica,free,239,10,Rerum quas ea vitae eaque dicta consectetur.,0.78
370,Sr. Jerónimo Pulido,ncervantez@example.org,1-288-178-0706,Roa Ltd,Buenos Aires,ecommerce,free,469,16,Repellendus magni harum voluptatum asperiores nisi eligendi voluptatum magni quos culpa repellat repellendus.,0.62
371,Lucía Eva Casas,torresalirio@example.org,316 457 31 17,Sevilla y Quintero S.A. de C.V.,Buenos Aires,banca,paid,185,2,Amet eum atque earum minus nostrum beatae rem non.,0.73
372,Armando Urías,reynaldo81@example.org,1-898-630-4930x952,"Castellanos, Martínez and Navarro",Buenos Aires,banca,free,187,1,Había familia decía mitad dijo empresa acciones puntos además esos.,0.62
373,María Eugenia Romo Barreto,gloria72@example.org,800.094.3546x11596,"Orosco, Valles y Sánchez",Ciudad de México,clinica,free,302,17,Tomar evitar tierra democracia aquellos estaban piel construcción cual he.,0.87
374,Wilfrido José María Orosco,esparta22@example.net,+57 327 158 93 80,González-Torres,Lima,educacion,free,242,10,Alias neque autem aliquam omnis adipisci ex distinctio ea repellendus error at aut.,0.9
375,Julia Andrea Vela,jose73@example.com,1-913-583-4509x819,"Laboratorios Cabán, Galindo y Meléndez",Santiago,inmobiliaria,free,320,4,Voluptatum mollitia aliquid repudiandae tempora occaecati fuga corrupti nostrum quis maiores.,0.68
376,Olivia Barragán,reynaldo23@example.org,190-662-7144x303,"Flórez, Carrera y de Anda",Buenos Aires,educacion,paid,53,9,Deserunt cupiditate id debitis expedita debitis ut vitae iure libero.,0.62
377,Alonso Pedro Ramírez Sierra,johan93@example.org,00795266701,Medrano-Cazares S.A.,Santiago,educacion,free,415,15,Importancia antes primeros medida particular será.,0.82
378,Aldemar Robinson Suárez,solorzanoleticia@example.com,724-880-8025x6411,Jáquez e Hijos,Ciudad de México,banca,free,452,20,Illum harum commodi maiores atque aspernatur.,0.46
379,Ricardo Rolando Archuleta,luceromaria-cristina@example.com,57 313 065 42 63,Castillo y Alcántar S. R.L. de C.V.,Bogotá,clinica,free,297,7,Corazón momento ello siempre peso cierto salida.,0.79
380,Ing. Esther Montero,margaritacasanova@example.net,020.611.4007x196,Marroquín y Marroquín A.C.,Bogotá,inmobiliaria,free,268,3,Veniam esse nulla soluta aperiam nisi dignissimos.,0.91
381,Iván Óscar Correa Sánchez,londonopilar@example.net,57 319 221 42 83,"Sánchez, Pérez and Gómez",Bogotá,inmobiliaria,free,74,5,Sed occaecati esse voluptatem assumenda vel unde veniam reprehenderit voluptatibus ipsum aliquam ut.,0.81
382,Rebeca Mariana Bétancourt Morales,xescalante@example.org,390-938-5963x103,Garzón Inc,Buenos Aires,banca,free,238,13,Numquam porro fugiat doloremque laudantium exercitationem enim ea rerum sit praesentium incidunt.,0.72
383,María Sandra Puentes,elisa43@example.net,(+57)3085429059,"González, Martínez and Gómez",Buenos Aires,inmobiliaria,free,242,9,Dejar miedo propios j forma diez plazo quizá elecciones igual generales.,0.85
384,Patricia Socorro Moreno González,qgranados@example.org,(890)882-4984,Sánchez LLC,Lima,clinica,free,448,3,Pablo necesario tuvo siempre igual papel.,0.56
385,Edith Mosquera,cristina53@example.net,+57 603 321 34 04,Corral y Asociados,Ciudad de México,inmobiliaria,paid,476,10,Investigación saber características según rey cómo música llegó cuales solución estuvo.,0.69
386,Nelsy Diana Palacio,hsanchez@example.net,1-318-941-7793,Quintanilla-Mendoza,Bogotá,clinica,free,479,18,Ni j punto efecto meses especie propios doctor.,0.53
387,Luz Moreno Álvarez,sessa49@example.com,151-731-0932x734,Industrias Delgado y Almonte,Bogotá,educacion,free,390,3,Sectores silencio seguridad carta agua aquí organización actitud causa familia podía seguridad.,0.65
388,José Silva Camargo,albertoolaya@example.com,(+57)6073506312,Razo-de la Rosa S.C.,Santiago,educacion,paid,266,8,Magni rem distinctio quaerat quam ratione iste quo hic unde reprehenderit ipsa voluptatem.,0.77
389,Cecilia Romero,torresomar@example.org,616.694.2722,Industrias Correa-Navarrete,Lima,clinica,paid,486,17,Hecho será pp real sabía problemas produce pero.,0.58
390,Andrés Juárez,jaimereyna@example.net,576096339795,Garzón PLC,Buenos Aires,educacion,free,491,2,Tribunal deja crecimiento investigación de número c asimismo programas dan.,0.49
391,María Eugenia Lorena Aguilera,estebancolunga@example.net,+57 320 804 92 98,Industrias Lucero-Cruz,Santiago,clinica,paid,11,19,Facilis quo nisi nesciunt incidunt asperiores ea ipsam ea consectetur.,0.56
392,Alejandro Abel Valdez,ilsesaenz@example.org,1-191-265-0958,Gómez PLC,Ciudad de México,educacion,free,30,12,Ciencia m mayor josé edad lo martín algunas quiere sur considera.,0.53
393,Srita. Marisela Arias,mejiacatalina@example.org,57 305 477 13 57,Martínez-Villa,Lima,clinica,paid,499,3,Que mayor embargo resultados presidente campaña ellas estados ciudad pasó precios qué.,0.59
394,Andrea Álvarez Montoya,zambranopatricia@example.net,589.976.3278x0155,"García, Suárez and Serrano",Buenos Aires,ecommerce,free,396,3,Sed temporibus aliquam enim odio perspiciatis doloremque adipisci dolorem doloremque maxime deserunt.,0.61
395,Angélica Caicedo,pachecopatricia@example.org,1-683-781-4154,"Laboratorios Rael, Cardona y Ochoa",Santiago,clinica,free,177,6,Mi sin muestra casos partido nadie natural diferentes hombre crisis.,0.61
396,Verónica Armas Longoria,balonzo@example.org,+57 307 530 11 22,"Carvajal, Rodríguez y Baeza",Bogotá,inmobiliaria,free,463,15,Necessitatibus explicabo optio ipsa molestiae quibusdam enim autem amet saepe.,0.86
397,Trinidad Eugenia Nazario Maldonado,matilde52@example.com,(561)538-0668x798,Altamirano S.A. de C.V.,Lima,inmobiliaria,paid,290,19,Tanto futuro acto amigos manera frente joven relación llega.,0.92
398,Antonio Ardila Serna,diegodaza@example.net,1-875-217-3561,Despacho Girón y Barrera,Lima,educacion,free,357,6,Cupiditate soluta nesciunt voluptate quia reiciendis natus.,0.69
399,Concepción Reina Covarrubias Lozada,jannethlozano@example.net,(219)830-1535x883,Velasco LLC,Bogotá,educacion,paid,183,9,At expedita dolore mollitia esse vel nobis.,0.85
400,Paola Hernández,alvarezluis@example.net,628.826.0595,Vela-Corrales S. R.L. de C.V.,Santiago,ecommerce,paid,136,13,Molestiae dignissimos eligendi iure autem totam totam qui tempore ad sed esse.,0.56
401,Ingrid Rosa Mejía Valencia,fanny83@example.org,854.779.0396x697,"Zedillo, Tapia y Ponce",Lima,educacion,free,485,1,Et doloremque unde exercitationem soluta minima voluptate esse.,0.74
402,Duván Sánchez,valenciacarlos@example.com,+573080440890,Garzón-Ardila,Bogotá,banca,free,318,15,Iure non libero facilis at culpa amet occaecati.,0.55
403,Alberto Oviedo Castellanos,yesenia75@example.net,(943)708-6890,"Ruiz, López and Sanabria",Lima,banca,free,232,7,Debe calidad tomar contenido tres martín teoría necesidad.,0.54
404,Nelson Jorge Amaya,luisacevedo@example.com,(+57) 317 810 47 40,"Marín, Contreras and Escobar",Buenos Aires,clinica,free,19,3,Nesciunt saepe voluptatem maiores nulla saepe sapiente perferendis omnis qui vel repudiandae.,0.89
405,Abel Timoteo Zedillo Gallardo,xperez@example.net,+573293968730,"Cárdenas, Caicedo and García",Lima,ecommerce,free,181,14,Distinctio mollitia iusto natus cum adipisci nihil.,0.61
406,Elvira Mery Sánchez Forero,andres15@example.net,57 303 143 19 36,Duque PLC,Bogotá,clinica,free,302,7,Alias fugiat quasi id blanditiis sed in beatae eveniet deserunt deserunt amet atque.,0.62
407,Liliana Patricia Jiménez,mendozagilberto@example.org,573206854579,Osorio-García,Buenos Aires,ecommerce,free,473,13,Alias soluta voluptas consectetur similique iure non.,0.89
408,Alfonso Barrera Calderón,eduardo39@example.net,+573145352517,Ozuna-Guerrero,Buenos Aires,banca,paid,278,1,Cuarto caso términos diversos cuando administración de todo méxico soy.,0.73
409,María del Carmen Irma Olmos,cabanpatricio@example.com,566.073.2409x13892,Guevara-Martínez,Buenos Aires,ecommerce,paid,215,8,Consejo causa datos flores presenta méxico santiago psoe.,0.7
410,Raúl Solís Portillo,dromero@example.com,1-207-710-2925x8013,"Zapata, Ruiz and Sánchez",Lima,ecommerce,free,76,11,Región falta tarde teoría debe dirección vista mis cerca se presencia proyecto media.,0.59
411,José Manuél Almonte Valadez,andreaherrera@example.com,+57 312 400 59 73,"Rodríguez, Cárdenas and Suárez",Buenos Aires,clinica,paid,243,19,Humana fue nadie octubre salir j asunto.,0.91
412,Dayana Miriam Méndez Campo,andres50@example.org,(+57)3083096153,"Salazar, Murillo and Mosquera",Ciudad de México,clinica,free,363,3,Dolorum id voluptatum est id quisquam exercitationem qui ab neque mollitia delectus laudantium.,0.9
413,Carmen Camargo Gómez,agudeloantonio@example.com,(812)399-5068x0527,"Rodríquez, Estévez y Calderón",Buenos Aires,inmobiliaria,paid,257,2,Quidem natus quae nostrum id eum omnis repudiandae officiis nemo.,0.87
414,Ramón Orozco,edisonochoa@example.org,57 300 766 60 28,"Mondragón, Rojas y Apodaca",Ciudad de México,educacion,free,226,13,Inventore accusamus laboriosam enim sequi nobis.,0.79
415,Ruby Mojica Olivárez,gracielaescobedo@example.org,(374)736-5738x50027,Muñoz-Flórez,Santiago,inmobiliaria,free,308,19,Consectetur fugiat tempore perferendis iste officia pariatur aspernatur impedit.,0.46
416,Sessa Candelaria,carloszapata@example.com,+57 318 065 78 30,"Muñoz, Valencia and Correa",Ciudad de México,educacion,free,260,12,Operación aquellas capaz derechos elementos espacio superior respuesta cama.,0.84
417,Patricia Lucy Ardila Vélez,natalia85@example.org,(301)178-2690x19955,"Proyectos Alva, Garibay y Salgado",Santiago,ecommerce,free,264,16,Cupiditate culpa modi hic molestias officia itaque voluptatem perferendis optio.,0.74
418,Elena Blanca Garcés Fernández,rivasserafin@example.com,980.913.4416x621,"Corporacin Anguiano, Esquibel y Robles",Ciudad de México,banca,free,406,5,Aunque reforma anterior antonio dentro amigo población razón iba.,0.5
419,Martín Rodríguez Vergara,trinidadrico@example.com,(957)460-6394x055,"Jaramillo, Ortega and Carvajal",Ciudad de México,inmobiliaria,free,237,7,Trabajo obras tipos interior música centros ocasiones pasar cuenta soy programa.,0.51
420,Octavio Álvaro López,becerrawalter@example.org,(+57) 300 751 52 93,Grupo Lira y Preciado,Buenos Aires,clinica,free,418,18,Odit quam totam dolorem libero repudiandae odit animi incidunt animi sit.,0.78
421,Wilson José Ríos,castronancy@example.com,09514150960,Vergara-Ortiz,Lima,banca,free,279,15,Lado era argentina económico crecimiento principio casi quizá valores bien pública obra tuvo pasó.,0.64
422,Gustavo Polanco,jiminezangelica@example.org,03380182505,"Laboratorios Aguilera, Bueno y Lara",Lima,clinica,free,435,5,Cumque officiis possimus suscipit facere reprehenderit.,0.59
423,León Wilson Medina,lisethcortes@example.org,717-821-2473x1708,Mercado and Sons,Bogotá,inmobiliaria,free,499,4,Ve buena maría hemos todo día sociedad estado mujer película social vida.,0.67
424,Mitzy Botello,oluna@example.org,1-881-413-7682x54748,González-Velandia,Buenos Aires,banca,free,201,16,Capaz ir salud algo humana muerte pronto francia además fuego esas solo nadie.,0.7
425,Jesús Garcés Ceballos,juliarodarte@example.com,(904)886-2110x14477,Arango-Pabón,Buenos Aires,clinica,free,233,17,Meses medio ha mes color españoles cosa habría cuales usted.,0.7
426,Ángel Cristian Jaramillo,pizarroindira@example.org,186.017.3319x705,"Hernández, Vega and Gómez",Bogotá,ecommerce,free,55,9,Operación plan origen relaciones nuestra una gobierno lado hizo clase.,0.46
427,Sr. Israel Saavedra,hgarcia@example.org,1-799-510-3628x400,Zuluaga-Pérez,Buenos Aires,clinica,free,124,6,Encuentro asunto ejemplo relaciones libro siguientes pues grandes julio mis todas.,0.62
428,Arbey Montoya,santiago48@example.com,050-406-1795,Córdova e Hijos,Lima,banca,free,437,9,Todas presidente pedro plan hombres psoe importantes efectos popular salida.,0.67
429,Lucía Córdova,amandavega@example.net,+57 313 991 14 93,Proyectos Esparza-Chavarría,Lima,clinica,free,331,8,Beatae officiis quo occaecati eligendi debitis libero perspiciatis porro.,0.83
430,Itzel Trinidad Piña,tejedajuan@example.net,(+57)3018488448,López-Fajardo,Bogotá,clinica,free,152,7,Dólares nueva importante diferentes creación manos.,0.71
431,Milton Álvarez,najerarosalia@example.net,1-104-174-3721x107,Cárdenas and Sons,Bogotá,banca,paid,225,10,Área autoridades miembros tratamiento visto sistema jamás hecho personal muerto unidos contra obstante.,0.94
432,Wilfrido Diego Chacón Apodaca,hernandezantonio@example.net,576035604466,Hernádez S.C.,Ciudad de México,ecommerce,free,418,4,Pablo difícil tenido producto real primeros zonas esto banco tierra.,0.61
433,Sebastián Pedro Hernández,pedro74@example.org,+47(8)3478929332,Quezada-Palacios S.A. de C.V.,Lima,inmobiliaria,free,464,1,Reprehenderit neque quaerat laborum quidem repellendus.,0.77
434,Raquel Cano,itzelmenchaca@example.com,605 318 00 17,Castillo-Berríos S. R.L. de C.V.,Santiago,banca,free,362,3,Tampoco número espacio manos francisco son aspecto parís pequeño policía tipos.,0.71
435,Katherine Ruiz Campo,burbanoluz@example.com,(044)548-3445,Lovato y Villarreal S.C.,Bogotá,educacion,free,428,15,Eaque officiis itaque natus error ipsa voluptatibus.,0.77
436,Dr. Isaac Arguello,jose21@example.org,570 84 89,Benavides y Solorio S. R.L. de C.V.,Buenos Aires,educacion,free,140,15,Torno ésta actividades político les padre propuesta vamos.,0.85
437,Rufino Jorge Partida,jose13@example.com,+573257624090,"Corporacin Camacho, Preciado y Durán",Lima,educacion,paid,343,10,Fuga mollitia molestias doloremque delectus doloribus delectus atque.,0.66
438,Abraham Samuel Corral Lara,valentina19@example.com,1-107-255-7435,Carrillo-Aguilar,Buenos Aires,educacion,free,74,15,Dado atrás da importante proyectos internacional fuerzas podría padres primer grupo.,0.92
439,Anel Arcelia Sosa Benavides,itellez@example.net,148.500.2149,Valencia and Sons,Ciudad de México,clinica,free,275,7,Deserunt architecto assumenda autem nobis corporis.,0.93
440,José Puentes Paz,cesar28@example.org,086-171-3206,Medina-Ojeda,Ciudad de México,educacion,free,488,14,Rerum aliquid aliquam laudantium libero provident voluptates reprehenderit autem maiores fuga culpa veniam.,0.88
441,Omar Luis Parada,muribe@example.net,1-873-733-4434x8328,Fuentes PLC,Bogotá,ecommerce,free,377,18,Alguien estilo una peso cierta fiscal manera mañana también segunda sola.,0.74
442,Luz Susana Rodríguez,beatriz16@example.com,6018353306,Despacho de Anda y Benavídez,Santiago,inmobiliaria,free,469,11,Últimos realidad estudio viene torno segundo operación militares.,0.88
443,Marina Salazar,hurtadoclemente@example.com,3245734430,Vega-Leal,Santiago,inmobiliaria,paid,279,20,Eligendi tempore incidunt adipisci cum modi est delectus a qui.,0.51
444,Cristina Fabiola Hernández Silva,mbarragan@example.com,(+57)3291891391,Guerrero y Enríquez S. R.L. de C.V.,Santiago,educacion,free,11,16,Personal es origen embargo fuera aumento alguien fueron s va términos.,0.86
445,Camilo Ulloa,hugovalverde@example.net,+57 318 541 91 71,González and Sons,Buenos Aires,clinica,free,440,13,Estar éxito políticas familia tema hasta bajo ojos resulta políticos pueblo medios.,0.9
446,Juan Carlos Pedro Feliciano,npineda@example.com,957 53 38,"Ocampo, Arrieta and Molina",Buenos Aires,banca,free,453,18,Omnis tempora dolorem amet facere quisquam sed aspernatur sit tempora provident provident.,0.83
447,Guillermo Gabriel Aguayo Casanova,bernalsebastian@example.com,810 38 55,Leyva S.A. de C.V.,Lima,ecommerce,paid,397,18,Puerta libre tan vuelve algo derechos tratamiento lenguaje luego.,0.89
448,Nayeli Correa Rangel,andrescamacho@example.net,605 212 05 38,"Despacho Velásquez, Sierra y Tórrez",Bogotá,banca,paid,16,19,Importantes debía unión mirada dejó económica ha para modelo ellos.,0.94
449,Ricardo Ramiro Perea,dmedina@example.com,982.330.9981x877,Mercado Group,Ciudad de México,clinica,free,260,1,Salud buscar quien más demás aquí.,0.85
450,Irma Alma Salcido Menchaca,cramon@example.com,307-600-1166x819,Muñoz Inc,Bogotá,educacion,free,125,15,Odit quam ea ipsam occaecati sunt unde adipisci aliquid quam ut.,0.88
451,Angélica Mireya Martínez Méndez,patinofernando@example.com,+573096151849,"Despacho Iglesias, Fajardo y Serna",Santiago,educacion,free,141,2,Quidem architecto accusantium ab quas minus nostrum atque explicabo nisi velit.,0.72
452,Danny Arrieta Ruiz,isabelarias@example.org,+32(4)9275932072,Sevilla-Rentería,Bogotá,educacion,free,371,12,Ese efecto allí bajo le ex diario.,0.78
453,Lic. Abelardo Miranda,cgamboa@example.com,377-831-9387,"Sierra, Ruiz and León",Buenos Aires,ecommerce,free,138,14,Estilo mes primero mil donde total parte todos flores.,0.77
454,Nelson Rubén Londoño Torres,ivanmartinez@example.net,018004081335,Club Escobedo-Pineda,Ciudad de México,ecommerce,paid,378,9,Nuestro grandes tú todas minutos comunidad.,0.48
455,Leonor Solano Pérez,albaaldonza@example.com,+573223184527,Reyes Inc,Santiago,banca,paid,342,9,Eveniet labore repellendus laborum assumenda esse animi.,0.62
456,Ing. María Luisa Miramontes,medinajose-carlos@example.com,(183)208-0517x5904,Reyes Inc,Ciudad de México,ecommerce,paid,23,1,Incluso vista cierto pública hecho pie puso estados cuba éste.,0.61
457,Dr. Luis Miguel Villaseñor,eliasvillalobos@example.com,57 604 871 00 60,Carmona PLC,Lima,banca,free,354,10,Carácter volver argentina ley camino van unión mantener estudios datos.,0.46
458,Flavio Patiño Correa,galarzasalvador@example.com,57 326 185 12 37,Grupo Rocha y Curiel,Santiago,clinica,paid,355,12,Odit asperiores voluptatum excepturi exercitationem modi fuga magni neque temporibus voluptate magnam eligendi error.,0.74
459,Camila Valencia Salazar,lorenzo90@example.net,326 891 70 61,Ardila-López,Santiago,clinica,free,173,5,Officiis consectetur consequatur modi voluptate commodi magnam sapiente velit.,0.84
460,Julio Cristian Mosquera,minervaballesteros@example.org,455-266-4679x380,Restrepo Inc,Santiago,clinica,free,10,2,Meses libertad p j dijo cuando informe ministro ante sistema modelo existen.,0.84
461,Rodolfo Renato Castañeda,jorgerangel@example.net,573170952934,Despacho Gómez-Ortega,Ciudad de México,inmobiliaria,free,146,1,Libre y imagen libre existe análisis desde por precisamente parece.,0.77
462,Carla Rivera,camiloballesteros@example.org,738.547.1888x353,Torres-Ramos,Lima,banca,free,352,4,Militares productos desde esos aquella sabía superior pronto asimismo real relaciones serán la.,0.56
463,Teodoro Moya Aparicio,agonzalez@example.org,(+57) 326 462 30 04,Cardona PLC,Buenos Aires,banca,paid,461,11,A perspiciatis aspernatur provident beatae veniam cum magni rem nam eius sequi.,0.57
464,Ernesto Olivares,emorales@example.net,313.651.6528,"Jáquez, Olivares y Ulloa",Buenos Aires,inmobiliaria,free,297,17,Torno luego sería consumo puedo puerta.,0.83
465,Mercedes Rodríguez Palacios,vanesa20@example.org,01 8000 160 171,"Mosquera, Gómez and Hernández",Bogotá,banca,paid,113,13,Quasi eius laudantium laboriosam culpa iure mollitia illo.,0.57
466,Alejandra Cruz Ocampo,krendon@example.net,00382897565,Salcido-Villegas S.C.,Lima,inmobiliaria,free,181,15,Eum excepturi dolore architecto maiores assumenda eos deserunt quas.,0.83
467,Dra. Vanesa Huerta,noemisoto@example.org,09565893572,Roldán-Jaramillo,Santiago,ecommerce,free,59,17,Algunas blanco mucha qué padres supuesto frente mal cada las sus mayoría sin alguna.,0.91
468,Miriam Rubio,ramon65@example.com,1-436-881-2756,Laboratorios Sisneros-Fernández,Bogotá,ecommerce,free,316,12,Enim quae quis ad natus repellat laborum neque qui laborum maxime deserunt vel.,0.56
469,Sandra Itzel Sandoval Bernal,alejandra39@example.net,1-563-939-0583,"Ramírez, Guzmán and Agudelo",Santiago,inmobiliaria,free,142,9,Dicen segundo posibilidad parecía dan s quien miembros empresa estaban hoy.,0.53
470,Edgar Gómez,lunaeric@example.org,856-995-9639,Herrera-Pérez,Lima,inmobiliaria,free,27,1,Ullam ipsum saepe doloremque quae quidem laboriosam accusamus nostrum hic laborum soluta.,0.8
471,Yuridia Abrego,trinidad22@example.org,(+57)6037248206,Vallejo-Patiño,Buenos Aires,educacion,paid,17,14,Manera grupos solución haya felipe algo días juego características investigación aún estos yo.,0.91
472,Dra. Amalia Tejeda,rafaeljimenez@example.com,606 851 81 16,Club Santiago y Roybal,Bogotá,inmobiliaria,free,393,4,Nihil officia aperiam assumenda quo dignissimos.,0.72
473,Martín Arango Ayala,ramiroespinal@example.org,+57 328 945 24 92,"Mena, Londoño and Pérez",Bogotá,inmobiliaria,free,368,1,Fecha realizar pudo unos formación línea.,0.65
474,Antonio Pinto,herrerajhon@example.org,573263390354,Urrutia A.C.,Lima,clinica,free,49,20,Tenetur iusto et aliquid deleniti laudantium nisi atque sit.,0.57
475,Ligia Margarita Romero,arturo65@example.net,(553)337-2066x624,Mata S.C.,Santiago,ecommerce,paid,197,15,Problemas afirmó amor crecimiento entre siquiera b soy ejército tarde conocer francia.,0.6
476,Nelcy Yineth Gutiérrez,asosa@example.net,1-186-817-0420,Ramírez-Cardona,Buenos Aires,clinica,free,173,13,Nuestros prensa principios médico entre menor entrar garcía participación existe miembros hizo trabajadores.,0.91
477,Claudia Fernández,barretoelias@example.com,57 606 442 31 49,"Alva, Heredia y Rosario",Santiago,inmobiliaria,free,49,16,Fin tampoco humana explicó lugar semanas interior tomar última tipos jefe respecto nuestro.,0.84
478,Rafael Andrés Duarte Sandoval,norma33@example.org,485.873.3238x4251,Véliz-Polanco S.A.,Buenos Aires,banca,free,240,10,Laboriosam nobis esse magnam cumque velit.,0.88
479,Rodrigo Valles,juana70@example.com,+57 324 440 05 34,"Meraz, Perea y Grijalva",Bogotá,ecommerce,free,327,12,Recusandae aliquid voluptatem minus deserunt ea sunt.,0.58
480,Mery Cano,marina45@example.org,630-125-4873x2995,González-Zuluaga,Buenos Aires,ecommerce,free,31,16,Hicieron propuesta mí mes posibilidades personas estar sol.,0.87
481,José Iván Ortiz García,luzcaicedo@example.com,787-881-2695x2116,Carrión e Hijos,Lima,banca,free,129,18,Ninguna fin juicio están carta línea ex sector segunda ese.,0.49
482,Consuelo Sindy Castillo Perea,marcospreciado@example.com,940-682-8407,Rojas LLC,Ciudad de México,ecommerce,free,12,12,Investigación energía peor saber proyecto aquellos mientras vía favor.,0.74
483,Felipe Ricardo Rodríguez,de-la-torrejose@example.com,604.723.9332,Mesa-Restrepo,Santiago,inmobiliaria,free,44,17,Vel excepturi molestias impedit atque beatae.,0.76
484,Luz Gutiérrez Tovar,carlosloaiza@example.org,018005266193,Mendoza A.C.,Santiago,banca,paid,43,10,Id nesciunt assumenda vero corrupti iure itaque maiores hic dolorum voluptas beatae expedita.,0.57
485,Dr. Serafín Mojica,lozadasergio@example.net,309 104 50 92,Gutiérrez Group,Ciudad de México,clinica,free,84,11,Vitae ipsam omnis soluta minus veniam corrupti praesentium odit.,0.62
486,Ing. Lucía Blanco,carrascojacobo@example.com,(777)752-1390,Grupo de la Torre-Rivas,Bogotá,inmobiliaria,free,49,4,Natus harum adipisci nisi molestias dignissimos dignissimos harum veritatis est.,0.77
487,Zulma Garzón,merinoantonio@example.com,+69(7)9897403511,Cervántez e Hijos,Buenos Aires,clinica,free,379,4,Pesetas caso tales pueblo mí fin trabajar menos siguientes empresa casa capaz.,0.65
488,Elvia Yaneth Bolívar,juanaguirre@example.org,1-616-384-7915x998,Ospina-Fernández,Lima,ecommerce,free,492,13,Cosas centro consejo sala estados temas misma miedo elecciones sol.,0.63
489,Tania Sandra Escamilla Arce,guillermomantilla@example.com,204-573-4119,Vega LLC,Lima,banca,free,113,11,Tu varias a barcelona resultados puedo.,0.82
490,Jenny Amparo Hernández Ospino,cristalmercado@example.com,(+57)3126803001,Duque-Pulido,Santiago,banca,paid,303,1,Precios diario está partido militares espacio diversas destino.,0.6
491,Patricia Vera García,evelioburgos@example.net,811.239.4252,Ortega Group,Buenos Aires,clinica,free,197,18,Optio aperiam unde harum necessitatibus amet necessitatibus.,0.55
492,Alberto Hernández,ingrid67@example.net,115-840-0595,Rosas e Hijos,Bogotá,educacion,paid,48,4,Asperiores blanditiis non occaecati blanditiis quisquam adipisci odit.,0.71
493,Yeni de la Crúz,rvelez@example.net,837-435-1822x35255,Cuéllar-Castro,Ciudad de México,ecommerce,free,468,16,Palabra hay también próximo mí últimos atención mientras tanto.,0.45
494,Sessa Jaqueline Pineda Huerta,elsaportilla@example.net,(186)459-1238,"Muñoz, Molina and Serna",Ciudad de México,banca,free,82,13,Momentos necesario cuadro s tales serie minutos deben centro pedro lado.,0.85
495,Gilberto Felipe Reyna Ballesteros,josvaladez@example.org,723-775-1150,"Tamez, Menéndez y Garza",Buenos Aires,banca,free,360,18,Constitución psoe tienen programas dijo distintas habían cosa.,0.68
496,Yeni Claudia Carranza,daniel43@example.org,6046512157,Roa and Sons,Bogotá,educacion,free,38,2,Universidad camino tiempos tras enfermedad propuesta razones naturaleza comercio partes sería médico.,0.61
497,José María Israel López,villagomezmartha@example.net,1-941-698-9125x9202,Corporacin Matías y Aranda,Buenos Aires,clinica,free,80,7,Similique inventore voluptates voluptatibus nemo id porro repellat.,0.54
498,Homero Cabrera Beltrán,rodriguezrafael@example.com,+03(8)6279445742,"Cruz, Jaimes and Cardona",Lima,clinica,free,5,16,Voluptate quam rerum magni perspiciatis vero aliquid adipisci nulla.,0.74
499,Elvia Susana Beltrán Delgadillo,garciakevin@example.net,152-759-6571x24570,Razo y Muñiz e Hijos,Santiago,banca,free,82,5,Cumque assumenda architecto ratione ipsam hic nisi accusantium reiciendis a quidem voluptatibus.,0.77
500,Graciela Aguirre,josevalencia@example.net,1-880-663-3599x719,"Quintero, Flórez and Ceballos",Ciudad de México,ecommerce,free,323,2,Porro enim corrupti aperiam velit repellendus rerum saepe debitis fugit maxime natus hic.,0.93
